{"resourceType":"StructureDefinition","id":"carin-rtpbc-Coverage","meta":{"versionId":"23","lastUpdated":"2019-10-17T16:53:58.000-05:00"},"text":{"status":"additional","div":"<div xmlns=\"http://www.w3.org/1999/xhtml\"><div xmlns=\"http://www.w3.org/1999/xhtml\">This profile constrains the Coverage resource for carrying the pharmacy \nbenefit information required in the consumer real-time pharmacy benefit \ncheck process\n            </div></div>"},"url":"http://hl7.org/fhir/us/carin/StructureDefinition/carin-rtpbc-Coverage","version":"0.1.00-DRAFT","name":"CARINRTPBCCoverage","title":"CARIN RTPBC Coverage","status":"draft","date":"2019-10-15T00:00:00-05:00","publisher":"CARIN Alliance","description":"This profile constrains the Coverage resource for carrying the pharmacy benefit information required in the consumer real-time pharmacy benefit check process","fhirVersion":"4.0.0","mapping":[{"identity":"workflow","uri":"http://hl7.org/fhir/workflow","name":"Workflow Pattern"},{"identity":"rim","uri":"http://hl7.org/v3","name":"RIM Mapping"},{"identity":"w5","uri":"http://hl7.org/fhir/fivews","name":"FiveWs Pattern Mapping"},{"identity":"cdanetv4","uri":"http://www.cda-adc.ca/en/services/cdanet/","name":"Canadian Dental Association eclaims standard"},{"identity":"v2","uri":"http://hl7.org/v2","name":"HL7 v2 Mapping"},{"identity":"cpha3pharm","uri":"http://www.pharmacists.ca/","name":"Canadian Pharmacy Associaiton eclaims standard"}],"kind":"resource","abstract":false,"type":"Coverage","baseDefinition":"http://hl7.org/fhir/StructureDefinition/Coverage","derivation":"constraint","snapshot":{"element":[{"id":"Coverage","path":"Coverage","short":"Insurance or medical plan or a payment agreement","definition":"Financial instrument which may be used to reimburse or pay for health care products and services. Includes both insurance and self-payment.","comment":"The Coverage resource contains the insurance card level information, which is customary to provide on claims and other communications between providers and insurers.","min":0,"max":"*","base":{"path":"Coverage","min":0,"max":"*"},"constraint":[{"key":"dom-2","severity":"error","human":"If the resource is contained in another resource, it SHALL NOT contain nested Resources","expression":"contained.contained.empty()","xpath":"not(parent::f:contained and f:contained)","source":"DomainResource"},{"key":"dom-4","severity":"error","human":"If a resource is contained in another resource, it SHALL NOT have a meta.versionId or a meta.lastUpdated","expression":"contained.meta.versionId.empty() and contained.meta.lastUpdated.empty()","xpath":"not(exists(f:contained/*/f:meta/f:versionId)) and not(exists(f:contained/*/f:meta/f:lastUpdated))","source":"DomainResource"},{"key":"dom-3","severity":"error","human":"If the resource is contained in another resource, it SHALL be referred to from elsewhere in the resource or SHALL refer to the containing resource","expression":"contained.where((('#'+id in (%resource.descendants().reference | %resource.descendants().as(canonical) | %resource.descendants().as(uri) | %resource.descendants().as(url))) or descendants().where(reference = '#').exists() or descendants().where(as(canonical) = '#').exists() or descendants().where(as(canonical) = '#').exists()).not()).trace('unmatched', id).empty()","xpath":"not(exists(for $contained in f:contained return $contained[not(parent::*/descendant::f:reference/@value=concat('#', $contained/*/id/@value) or descendant::f:reference[@value='#'])]))","source":"DomainResource"},{"extension":[{"url":"http://hl7.org/fhir/StructureDefinition/elementdefinition-bestpractice","valueBoolean":true},{"url":"http://hl7.org/fhir/StructureDefinition/elementdefinition-bestpractice-explanation","valueMarkdown":"When a resource has no narrative, only systems that fully understand the data can display the resource to a human safely. Including a human readable representation in the resource makes for a much more robust eco-system and cheaper handling of resources by intermediary systems. Some ecosystems restrict distribution of resources to only those systems that do fully understand the resources, and as a consequence implementers may believe that the narrative is superfluous. However experience shows that such eco-systems often open up to new participants over time."}],"key":"dom-6","severity":"warning","human":"A resource should have narrative for robust management","expression":"text.div.exists()","xpath":"exists(f:text/h:div)","source":"DomainResource"},{"key":"dom-5","severity":"error","human":"If a resource is contained in another resource, it SHALL NOT have a security label","expression":"contained.meta.security.empty()","xpath":"not(exists(f:contained/*/f:meta/f:security))","source":"DomainResource"}],"isModifier":false,"isSummary":false,"mapping":[{"identity":"rim","map":"Entity. Role, or Act"},{"identity":"workflow","map":"Event"},{"identity":"rim","map":"Coverage"}]},{"id":"Coverage.id","path":"Coverage.id","short":"Logical id of this artifact","definition":"The logical id of the resource, as used in the URL for the resource. Once assigned, this value never changes.","comment":"The only time that a resource does not have an id is when it is being submitted to the server using a create operation.","min":0,"max":"1","base":{"path":"Resource.id","min":0,"max":"1"},"type":[{"code":"id"}],"isModifier":false,"isSummary":true},{"id":"Coverage.meta","path":"Coverage.meta","short":"Metadata about the resource","definition":"The metadata about the resource. This is content that is maintained by the infrastructure. Changes to the content might not always be associated with version changes to the resource.","min":0,"max":"1","base":{"path":"Resource.meta","min":0,"max":"1"},"type":[{"code":"Meta"}],"isModifier":false,"isSummary":true},{"id":"Coverage.implicitRules","extension":[{"url":"http://hl7.org/fhir/4.0/StructureDefinition/extension-ElementDefinition.isModifierReason","valueString":"This element is labeled as a modifier because the implicit rules may provide additional knowledge about the resource that modifies it's meaning or interpretation"}],"path":"Coverage.implicitRules","short":"A set of rules under which this content was created","definition":"A reference to a set of rules that were followed when the resource was constructed, and which must be understood when processing the content. Often, this is a reference to an implementation guide that defines the special rules along with other profiles etc.","comment":"Asserting this rule set restricts the content to be only understood by a limited set of trading partners. This inherently limits the usefulness of the data in the long term. However, the existing health eco-system is highly fractured, and not yet ready to define, collect, and exchange data in a generally computable sense. Wherever possible, implementers and/or specification writers should avoid using this element. Often, when used, the URL is a reference to an implementation guide that defines these special rules as part of it's narrative along with other profiles, value sets, etc.","min":0,"max":"1","base":{"path":"Resource.implicitRules","min":0,"max":"1"},"type":[{"code":"uri"}],"isModifier":true,"isSummary":true},{"id":"Coverage.language","path":"Coverage.language","short":"Language of the resource content","definition":"The base language in which the resource is written.","comment":"Language is provided to support indexing and accessibility (typically, services such as text to speech use the language tag). The html language tag in the narrative applies  to the narrative. The language tag on the resource may be used to specify the language of other presentations generated from the data in the resource. Not all the content has to be in the base language. The Resource.language should not be assumed to apply to the narrative automatically. If a language is specified, it should it also be specified on the div element in the html (see rules in HTML5 for information about the relationship between xml:lang and the html lang attribute).","min":0,"max":"1","base":{"path":"Resource.language","min":0,"max":"1"},"type":[{"code":"code"}],"isModifier":false,"isSummary":false,"binding":{"extension":[{"url":"http://hl7.org/fhir/StructureDefinition/elementdefinition-maxValueSet","valueReference":{"reference":"http://hl7.org/fhir/ValueSet/all-languages"}},{"url":"http://hl7.org/fhir/StructureDefinition/elementdefinition-bindingName","valueString":"Language"},{"url":"http://hl7.org/fhir/StructureDefinition/elementdefinition-isCommonBinding","valueBoolean":true}],"strength":"preferred","description":"A human language.","valueSetReference":{"reference":"http://hl7.org/fhir/ValueSet/languages"}}},{"id":"Coverage.text","path":"Coverage.text","short":"Text summary of the resource, for human interpretation","definition":"A human-readable narrative that contains a summary of the resource and can be used to represent the content of the resource to a human. The narrative need not encode all the structured data, but is required to contain sufficient detail to make it \"clinically safe\" for a human to just read the narrative. Resource definitions may define what content should be represented in the narrative to ensure clinical safety.","comment":"Contained resources do not have narrative. Resources that are not contained SHOULD have a narrative. In some cases, a resource may only have text with little or no additional discrete data (as long as all minOccurs=1 elements are satisfied).  This may be necessary for data from legacy systems where information is captured as a \"text blob\" or where text is additionally entered raw or narrated and encoded information is added later.","alias":["narrative","html","xhtml","display"],"min":0,"max":"1","base":{"path":"DomainResource.text","min":0,"max":"1"},"type":[{"code":"Narrative"}],"isModifier":false,"isSummary":false,"mapping":[{"identity":"rim","map":"Act.text?"}]},{"id":"Coverage.contained","path":"Coverage.contained","short":"Contained, inline Resources","definition":"These resources do not have an independent existence apart from the resource that contains them - they cannot be identified independently, and nor can they have their own independent transaction scope.","comment":"This should never be done when the content can be identified properly, as once identification is lost, it is extremely difficult (and context dependent) to restore it again. Contained resources may have profiles and tags In their meta elements, but SHALL NOT have security labels.","alias":["inline resources","anonymous resources","contained resources"],"min":0,"max":"*","base":{"path":"DomainResource.contained","min":0,"max":"*"},"type":[{"code":"Resource"}],"isModifier":false,"isSummary":false,"mapping":[{"identity":"rim","map":"N/A"}]},{"id":"Coverage.extension","path":"Coverage.extension","short":"Additional content defined by implementations","definition":"May be used to represent additional information that is not part of the basic definition of the resource. To make the use of extensions safe and manageable, there is a strict set of governance  applied to the definition and use of extensions. Though any implementer can define an extension, there is a set of requirements that SHALL be met as part of the definition of the extension.","comment":"There can be no stigma associated with the use of extensions by any application, project, or standard - regardless of the institution or jurisdiction that uses or defines the extensions.  The use of extensions is what allows the FHIR specification to retain a core level of simplicity for everyone.","alias":["extensions","user content"],"min":0,"max":"*","base":{"path":"DomainResource.extension","min":0,"max":"*"},"type":[{"code":"Extension"}],"isModifier":false,"isSummary":false,"mapping":[{"identity":"rim","map":"N/A"}]},{"id":"Coverage.modifierExtension","extension":[{"url":"http://hl7.org/fhir/4.0/StructureDefinition/extension-ElementDefinition.isModifierReason","valueString":"Modifier extensions are expected to modify the meaning or interpretation of the resource that contains them"}],"path":"Coverage.modifierExtension","short":"Extensions that cannot be ignored","definition":"May be used to represent additional information that is not part of the basic definition of the resource and that modifies the understanding of the element that contains it and/or the understanding of the containing element's descendants. Usually modifier elements provide negation or qualification. To make the use of extensions safe and manageable, there is a strict set of governance applied to the definition and use of extensions. Though any implementer is allowed to define an extension, there is a set of requirements that SHALL be met as part of the definition of the extension. Applications processing a resource are required to check for modifier extensions.\n\nModifier extensions SHALL NOT change the meaning of any elements on Resource or DomainResource (including cannot change the meaning of modifierExtension itself).","comment":"There can be no stigma associated with the use of extensions by any application, project, or standard - regardless of the institution or jurisdiction that uses or defines the extensions.  The use of extensions is what allows the FHIR specification to retain a core level of simplicity for everyone.","requirements":"Modifier extensions allow for extensions that *cannot* be safely ignored to be clearly distinguished from the vast majority of extensions which can be safely ignored.  This promotes interoperability by eliminating the need for implementers to prohibit the presence of extensions. For further information, see the [definition of modifier extensions](http://hl7.org/fhir/R4/extensibility.html#modifierExtension).","alias":["extensions","user content"],"min":0,"max":"*","base":{"path":"DomainResource.modifierExtension","min":0,"max":"*"},"type":[{"code":"Extension"}],"isModifier":true,"isSummary":false,"mapping":[{"identity":"rim","map":"N/A"}]},{"id":"Coverage.identifier","path":"Coverage.identifier","short":"Business Identifier for the coverage","definition":"A unique identifier assigned to this coverage.","comment":"The main (and possibly only) identifier for the coverage - often referred to as a Member Id, Certificate number, Personal Health Number or Case ID. May be constructed as the concatenation of the Coverage.SubscriberID and the Coverage.dependant.","requirements":"Allows coverages to be distinguished and referenced.","min":0,"max":"*","base":{"path":"Coverage.identifier","min":0,"max":"*"},"type":[{"code":"Identifier"}],"isModifier":false,"isSummary":true,"mapping":[{"identity":"workflow","map":"Event.identifier"},{"identity":"w5","map":"FiveWs.identifier"},{"identity":"cdanetv4","map":"C02"},{"identity":"v2","map":"IN1-2"},{"identity":"rim","map":".id"},{"identity":"cpha3pharm","map":"C.32, C.33, C.39"}]},{"id":"Coverage.status","extension":[{"url":"http://hl7.org/fhir/4.0/StructureDefinition/extension-ElementDefinition.isModifierReason","valueString":"This element is labelled as a modifier because it is a status element that contains status entered-in-error which means that the resource should not be treated as valid"}],"path":"Coverage.status","short":"active | cancelled | draft | entered-in-error","definition":"The status of the resource instance.","comment":"This element is labeled as a modifier because the status contains the code entered-in-error that marks the coverage as not currently valid.","requirements":"Need to track the status of the resource as 'draft' resources may undergo further edits while 'active' resources are immutable and may only have their status changed to 'cancelled'.","min":1,"max":"1","base":{"path":"Coverage.status","min":1,"max":"1"},"type":[{"code":"code"}],"isModifier":true,"isSummary":true,"binding":{"extension":[{"url":"http://hl7.org/fhir/StructureDefinition/elementdefinition-bindingName","valueString":"CoverageStatus"}],"strength":"required","description":"A code specifying the state of the resource instance.","valueSetReference":{"reference":"http://hl7.org/fhir/ValueSet/fm-status|4.0.0"}},"mapping":[{"identity":"workflow","map":"Event.status"},{"identity":"w5","map":"FiveWs.status"},{"identity":"rim","map":"Act.status"}]},{"id":"Coverage.type","path":"Coverage.type","short":"Coverage category such as medical or accident","definition":"The type of coverage: social program, medical plan, accident coverage (workers compensation, auto), group health or payment by an individual or organization.","requirements":"The order of application of coverages is dependent on the types of coverage.","min":0,"max":"1","base":{"path":"Coverage.type","min":0,"max":"1"},"type":[{"code":"CodeableConcept"}],"isModifier":false,"isSummary":true,"binding":{"extension":[{"url":"http://hl7.org/fhir/StructureDefinition/elementdefinition-bindingName","valueString":"CoverageType"}],"strength":"preferred","description":"The type of insurance: public health, worker compensation; private accident, auto, private health, etc.) or a direct payment by an individual or organization.","valueSetReference":{"reference":"http://hl7.org/fhir/ValueSet/coverage-type"}},"mapping":[{"identity":"w5","map":"FiveWs.class"},{"identity":"v2","map":"IN1-15"}]},{"id":"Coverage.policyHolder","path":"Coverage.policyHolder","short":"Owner of the policy","definition":"The party who 'owns' the insurance policy.","comment":"For example: may be an individual, corporation or the subscriber's employer.","requirements":"This provides employer information in the case of Worker's Compensation and other policies.","min":0,"max":"1","base":{"path":"Coverage.policyHolder","min":0,"max":"1"},"type":[{"code":"Reference","targetProfile":"http://hl7.org/fhir/StructureDefinition/Patient"},{"code":"Reference","targetProfile":"http://hl7.org/fhir/StructureDefinition/RelatedPerson"},{"code":"Reference","targetProfile":"http://hl7.org/fhir/StructureDefinition/Organization"}],"isModifier":false,"isSummary":true,"mapping":[{"identity":"w5","map":"FiveWs.subject[x]"},{"identity":"cdanetv4","map":"D01 through D09"},{"identity":"v2","map":"IN1-16, 18,  19-name of insured, address, date of birth"},{"identity":"cpha3pharm","map":"C.35"},{"identity":"w5","map":"FiveWs.subject"}]},{"id":"Coverage.subscriber","path":"Coverage.subscriber","short":"Subscriber to the policy","definition":"The party who has signed-up for or 'owns' the contractual relationship to the policy or to whom the benefit of the policy for services rendered to them or their family is due.","comment":"May be self or a parent in the case of dependants.","requirements":"This is the party who is entitled to the benfits under the policy.","min":0,"max":"1","base":{"path":"Coverage.subscriber","min":0,"max":"1"},"type":[{"code":"Reference","targetProfile":"http://hl7.org/fhir/StructureDefinition/Patient"},{"code":"Reference","targetProfile":"http://hl7.org/fhir/StructureDefinition/RelatedPerson"}],"isModifier":false,"isSummary":true,"mapping":[{"identity":"w5","map":"FiveWs.subject[x]"},{"identity":"cdanetv4","map":"D01 through D09"},{"identity":"v2","map":"IN1-16, 18,  19-name of insured, address, date of birth"},{"identity":"cpha3pharm","map":"C.35"},{"identity":"w5","map":"FiveWs.subject"}]},{"id":"Coverage.subscriberId","path":"Coverage.subscriberId","short":"ID assigned to the subscriber","definition":"The insurer assigned ID for the Subscriber.","comment":"Either *PBM Member ID* (.class.type = 'rxid') or *Subscriber ID* must be populated","requirements":"The insurer requires this identifier on correspondance and claims (digital and otherwise).","min":0,"max":"1","base":{"path":"Coverage.subscriberId","min":0,"max":"1"},"type":[{"code":"string"}],"isModifier":false,"isSummary":true,"mapping":[{"identity":"w5","map":"FiveWs.subject[x]"},{"identity":"cdanetv4","map":"D01 through D09"},{"identity":"v2","map":"IN1-16, 18,  19-name of insured, address, date of birth"},{"identity":"cpha3pharm","map":"C.35"},{"identity":"w5","map":"FiveWs.subject"}]},{"id":"Coverage.beneficiary","path":"Coverage.beneficiary","short":"Plan beneficiary","definition":"The party who benefits from the insurance coverage; the patient when products and/or services are provided.","requirements":"This is the party who receives treatment for which the costs are reimbursed under the coverage.","min":1,"max":"1","base":{"path":"Coverage.beneficiary","min":1,"max":"1"},"type":[{"code":"Reference","targetProfile":"http://hl7.org/fhir/StructureDefinition/Patient"}],"isModifier":false,"isSummary":true,"mapping":[{"identity":"workflow","map":"Event.subject"},{"identity":"w5","map":"FiveWs.subject[x]"},{"identity":"cdanetv4","map":"D01 through D09"},{"identity":"v2","map":"IN1-16, 18,  19-name of insured, address, date of birth"},{"identity":"cpha3pharm","map":"C.35"},{"identity":"w5","map":"FiveWs.subject"}]},{"id":"Coverage.dependent","path":"Coverage.dependent","short":"Dependent number","definition":"A unique identifier for a dependent under the coverage.","comment":"Periodically the member number is constructed from the subscriberId and the dependant number.","requirements":"For some coverages a single identifier is issued to the Subscriber and then a unique dependent number is issued to each beneficiary.","min":0,"max":"1","base":{"path":"Coverage.dependent","min":0,"max":"1"},"type":[{"code":"string"}],"isModifier":false,"isSummary":true,"mapping":[{"identity":"cdanetv4","map":"C17"},{"identity":"v2","map":"- No exact HL7 v2 equivalent concept seems to exist;"}]},{"id":"Coverage.relationship","path":"Coverage.relationship","short":"Beneficiary relationship to the subscriber","definition":"The relationship of beneficiary (patient) to the subscriber.","comment":"Typically, an individual uses policies which are theirs (relationship='self') before policies owned by others.","requirements":"To determine relationship between the patient and the subscriber to determine coordination of benefits.","min":0,"max":"1","base":{"path":"Coverage.relationship","min":0,"max":"1"},"type":[{"code":"CodeableConcept"}],"isModifier":false,"isSummary":false,"binding":{"extension":[{"url":"http://hl7.org/fhir/StructureDefinition/elementdefinition-bindingName","valueString":"Relationship"}],"strength":"extensible","description":"The relationship between the Subscriber and the Beneficiary (insured/covered party/patient).","valueSetReference":{"reference":"http://hl7.org/fhir/ValueSet/subscriber-relationship"}},"mapping":[{"identity":"cdanetv4","map":"C03"}]},{"id":"Coverage.period","path":"Coverage.period","short":"Coverage start and end dates","definition":"Time period during which the coverage is in force. A missing start date indicates the start date isn't known, a missing end date means the coverage is continuing to be in force.","requirements":"Some insurers require the submission of the coverage term.","min":0,"max":"1","base":{"path":"Coverage.period","min":0,"max":"1"},"type":[{"code":"Period"}],"isModifier":false,"isSummary":true,"mapping":[{"identity":"workflow","map":"Event.occurrence[x]"},{"identity":"w5","map":"FiveWs.done[x]"},{"identity":"v2","map":"IN1-12 / IN1-13"},{"identity":"rim","map":"Act.effectiveTime"}]},{"id":"Coverage.payor","path":"Coverage.payor","label":"Payer ID or Ref (TBD)","short":"Payer ID or Ref (TBD)","definition":"The program or plan underwriter or payor including both insurance and non-insurance agreements, such as patient-pay agreements.","comment":"May provide multiple identifiers such as insurance company identifier or business identifier (BIN number).\nFor selfpay it may provide multiple paying persons and/or organizations.","requirements":"Need to identify the issuer to target for claim processing and for coordination of benefit processing.","min":1,"max":"1","base":{"path":"Coverage.payor","min":1,"max":"*"},"type":[{"code":"Reference","targetProfile":"http://hl7.org/fhir/us/carin/StructureDefinition/carin-rtpbc-payer-Organization"}],"isModifier":false,"isSummary":true,"mapping":[{"identity":"w5","map":"FiveWs.author"},{"identity":"cdanetv4","map":"A05"},{"identity":"v2","map":"IN1-3"},{"identity":"cpha3pharm","map":"C.30"}]},{"id":"Coverage.payor.id","path":"Coverage.payor.id","representation":["xmlAttr"],"short":"Unique id for inter-element referencing","definition":"Unique id for the element within a resource (for internal references). This may be any string value that does not contain spaces.","min":0,"max":"1","base":{"path":"Element.id","min":0,"max":"1"},"type":[{"code":"string"}],"isModifier":false,"isSummary":false,"mapping":[{"identity":"rim","map":"n/a"}]},{"id":"Coverage.payor.extension","path":"Coverage.payor.extension","slicing":{"discriminator":[{"type":"value","path":"url"}],"description":"Extensions are always sliced by (at least) url","rules":"open"},"short":"Additional content defined by implementations","definition":"May be used to represent additional information that is not part of the basic definition of the element. To make the use of extensions safe and manageable, there is a strict set of governance  applied to the definition and use of extensions. Though any implementer can define an extension, there is a set of requirements that SHALL be met as part of the definition of the extension.","comment":"There can be no stigma associated with the use of extensions by any application, project, or standard - regardless of the institution or jurisdiction that uses or defines the extensions.  The use of extensions is what allows the FHIR specification to retain a core level of simplicity for everyone.","alias":["extensions","user content"],"min":0,"max":"*","base":{"path":"Element.extension","min":0,"max":"*"},"type":[{"code":"Extension"}],"isModifier":false,"isSummary":false,"mapping":[{"identity":"rim","map":"n/a"}]},{"id":"Coverage.payor.reference","path":"Coverage.payor.reference","short":"Literal reference, Relative, internal or absolute URL","definition":"A reference to a location at which the other resource is found. The reference may be a relative reference, in which case it is relative to the service base URL, or an absolute URL that resolves to the location where the resource is found. The reference may be version specific or not. If the reference is not to a FHIR RESTful server, then it should be assumed to be version specific. Internal fragment references (start with '#') refer to contained resources.","comment":"Using absolute URLs provides a stable scalable approach suitable for a cloud/web context, while using relative/logical references provides a flexible approach suitable for use when trading across closed eco-system boundaries.   Absolute URLs do not need to point to a FHIR RESTful server, though this is the preferred approach. If the URL conforms to the structure \"/[type]/[id]\" then it should be assumed that the reference is to a FHIR RESTful server.","min":0,"max":"1","base":{"path":"Reference.reference","min":0,"max":"1"},"type":[{"code":"string"}],"condition":["ref-1"],"isModifier":false,"isSummary":true,"mapping":[{"identity":"rim","map":"N/A"}]},{"id":"Coverage.payor.type","path":"Coverage.payor.type","short":"Type the reference refers to (e.g. \"Patient\")","definition":"The expected type of the target of the reference. If both Reference.type and Reference.reference are populated and Reference.reference is a FHIR URL, both SHALL be consistent.\n\nThe type is the Canonical URL of Resource Definition that is the type this reference refers to. References are URLs that are relative to http://hl7.org/fhir/StructureDefinition/ e.g. \"Patient\" is a reference to http://hl7.org/fhir/StructureDefinition/Patient. Absolute URLs are only allowed for logical models (and can only be used in references in logical models, not resources).","comment":"This element is used to indicate the type of  the target of the reference. This may be used which ever of the other elements are populated (or not). In some cases, the type of the target may be determined by inspection of the reference (e.g. a RESTful URL) or by resolving the target of the reference; if both the type and a reference is provided, the reference SHALL resolve to a resource of the same type as that specified.","min":0,"max":"1","base":{"path":"Reference.type","min":0,"max":"1"},"type":[{"code":"uri"}],"isModifier":false,"isSummary":true,"binding":{"extension":[{"url":"http://hl7.org/fhir/StructureDefinition/elementdefinition-bindingName","valueString":"FHIRResourceTypeExt"}],"strength":"extensible","description":"Aa resource (or, for logical models, the URI of the logical model).","valueSetReference":{"reference":"http://hl7.org/fhir/ValueSet/resource-types"}},"mapping":[{"identity":"rim","map":"N/A"}]},{"id":"Coverage.payor.identifier","path":"Coverage.payor.identifier","short":"Logical reference, when literal reference is not known","definition":"An identifier for the target resource. This is used when there is no way to reference the other resource directly, either because the entity it represents is not available through a FHIR server, or because there is no way for the author of the resource to convert a known identifier to an actual location. There is no requirement that a Reference.identifier point to something that is actually exposed as a FHIR instance, but it SHALL point to a business concept that would be expected to be exposed as a FHIR instance, and that instance would need to be of a FHIR resource type allowed by the reference.","comment":"When an identifier is provided in place of a reference, any system processing the reference will only be able to resolve the identifier to a reference if it understands the business context in which the identifier is used. Sometimes this is global (e.g. a national identifier) but often it is not. For this reason, none of the useful mechanisms described for working with references (e.g. chaining, includes) are possible, nor should servers be expected to be able resolve the reference. Servers may accept an identifier based reference untouched, resolve it, and/or reject it - see CapabilityStatement.rest.resource.referencePolicy. \n\nWhen both an identifier and a literal reference are provided, the literal reference is preferred. Applications processing the resource are allowed - but not required - to check that the identifier matches the literal reference\n\nApplications converting a logical reference to a literal reference may choose to leave the logical reference present, or remove it.\n\nReference is intended to point to a structure that can potentially be expressed as a FHIR resource, though there is no need for it to exist as an actual FHIR resource instance - except in as much as an application wishes to actual find the target of the reference. The content referred to be the identifier must meet the logical constraints implied by any limitations on what resource types are permitted for the reference.  For example, it would not be legitimate to send the identifier for a drug prescription if the type were Reference(Observation|DiagnosticReport).  One of the use-cases for Reference.identifier is the situation where no FHIR representation exists (where the type is Reference (Any).","min":0,"max":"1","base":{"path":"Reference.identifier","min":0,"max":"1"},"type":[{"code":"Identifier"}],"isModifier":false,"isSummary":true,"mapping":[{"identity":"rim","map":".identifier"}]},{"id":"Coverage.payor.identifier.id","path":"Coverage.payor.identifier.id","representation":["xmlAttr"],"short":"Unique id for inter-element referencing","definition":"Unique id for the element within a resource (for internal references). This may be any string value that does not contain spaces.","min":0,"max":"1","base":{"path":"Element.id","min":0,"max":"1"},"type":[{"code":"string"}],"isModifier":false,"isSummary":false,"mapping":[{"identity":"rim","map":"n/a"}]},{"id":"Coverage.payor.identifier.extension","path":"Coverage.payor.identifier.extension","slicing":{"discriminator":[{"type":"value","path":"url"}],"description":"Extensions are always sliced by (at least) url","rules":"open"},"short":"Additional content defined by implementations","definition":"May be used to represent additional information that is not part of the basic definition of the element. To make the use of extensions safe and manageable, there is a strict set of governance  applied to the definition and use of extensions. Though any implementer can define an extension, there is a set of requirements that SHALL be met as part of the definition of the extension.","comment":"There can be no stigma associated with the use of extensions by any application, project, or standard - regardless of the institution or jurisdiction that uses or defines the extensions.  The use of extensions is what allows the FHIR specification to retain a core level of simplicity for everyone.","alias":["extensions","user content"],"min":0,"max":"*","base":{"path":"Element.extension","min":0,"max":"*"},"type":[{"code":"Extension"}],"isModifier":false,"isSummary":false,"mapping":[{"identity":"rim","map":"n/a"}]},{"id":"Coverage.payor.identifier.use","extension":[{"url":"http://hl7.org/fhir/4.0/StructureDefinition/extension-ElementDefinition.isModifierReason","valueString":"This is labeled as \"Is Modifier\" because applications should not mistake a temporary id for a permanent one."}],"path":"Coverage.payor.identifier.use","short":"usual | official | temp | secondary | old (If known)","definition":"The purpose of this identifier.","comment":"Applications can assume that an identifier is permanent unless it explicitly says that it is temporary.","requirements":"Allows the appropriate identifier for a particular context of use to be selected from among a set of identifiers.","min":0,"max":"1","base":{"path":"Identifier.use","min":0,"max":"1"},"type":[{"code":"code"}],"isModifier":true,"isSummary":true,"binding":{"extension":[{"url":"http://hl7.org/fhir/StructureDefinition/elementdefinition-bindingName","valueString":"IdentifierUse"}],"strength":"required","description":"Identifies the purpose for this identifier, if known .","valueSetReference":{"reference":"http://hl7.org/fhir/ValueSet/identifier-use|4.0.0"}},"mapping":[{"identity":"v2","map":"N/A"},{"identity":"rim","map":"Role.code or implied by context"}]},{"id":"Coverage.payor.identifier.type","path":"Coverage.payor.identifier.type","short":"Description of identifier","definition":"A coded type for the identifier that can be used to determine which identifier to use for a specific purpose.","comment":"This element deals only with general categories of identifiers.  It SHOULD not be used for codes that correspond 1..1 with the Identifier.system. Some identifiers may fall into multiple categories due to common usage.   Where the system is known, a type is unnecessary because the type is always part of the system definition. However systems often need to handle identifiers where the system is not known. There is not a 1:1 relationship between type and system, since many different systems have the same type.","requirements":"Allows users to make use of identifiers when the identifier system is not known.","min":0,"max":"1","base":{"path":"Identifier.type","min":0,"max":"1"},"type":[{"code":"CodeableConcept"}],"isModifier":false,"isSummary":true,"binding":{"extension":[{"url":"http://hl7.org/fhir/StructureDefinition/elementdefinition-bindingName","valueString":"IdentifierType"},{"url":"http://hl7.org/fhir/StructureDefinition/elementdefinition-isCommonBinding","valueBoolean":true}],"strength":"extensible","description":"A coded type for an identifier that can be used to determine which identifier to use for a specific purpose.","valueSetReference":{"reference":"http://hl7.org/fhir/ValueSet/identifier-type"}},"mapping":[{"identity":"v2","map":"CX.5"},{"identity":"rim","map":"Role.code or implied by context"}]},{"id":"Coverage.payor.identifier.system","path":"Coverage.payor.identifier.system","label":"Payer ID System (TBD)","short":"Payer ID System (TBD)","definition":"Establishes the namespace for the value - that is, a URL that describes a set values that are unique.","comment":"Identifier.system is always case sensitive.","requirements":"There are many sets  of identifiers.  To perform matching of two identifiers, we need to know what set we're dealing with. The system identifies a particular set of unique identifiers.","min":1,"max":"1","base":{"path":"Identifier.system","min":0,"max":"1"},"type":[{"code":"uri"}],"example":[{"label":"General","valueUri":"http://www.acme.com/identifiers/patient"}],"isModifier":false,"isSummary":true,"binding":{"strength":"extensible","description":"TODO: Payer ID system"},"mapping":[{"identity":"v2","map":"CX.4 / EI-2-4"},{"identity":"rim","map":"II.root or Role.id.root"},{"identity":"servd","map":"./IdentifierType"}]},{"id":"Coverage.payor.identifier.value","path":"Coverage.payor.identifier.value","short":"The value that is unique","definition":"The portion of the identifier typically relevant to the user and which is unique within the context of the system.","comment":"If the value is a full URI, then the system SHALL be urn:ietf:rfc:3986.  The value's primary purpose is computational mapping.  As a result, it may be normalized for comparison purposes (e.g. removing non-significant whitespace, dashes, etc.)  A value formatted for human display can be conveyed using the [Rendered Value extension](http://hl7.org/fhir/R4/extension-rendered-value.html). Identifier.value is to be treated as case sensitive unless knowledge of the Identifier.system allows the processer to be confident that non-case-sensitive processing is safe.","min":1,"max":"1","base":{"path":"Identifier.value","min":0,"max":"1"},"type":[{"code":"string"}],"example":[{"label":"General","valueString":"123456"}],"isModifier":false,"isSummary":true,"mapping":[{"identity":"v2","map":"CX.1 / EI.1"},{"identity":"rim","map":"II.extension or II.root if system indicates OID or GUID (Or Role.id.extension or root)"},{"identity":"servd","map":"./Value"}]},{"id":"Coverage.payor.identifier.period","path":"Coverage.payor.identifier.period","short":"Time period when id is/was valid for use","definition":"Time period during which identifier is/was valid for use.","min":0,"max":"1","base":{"path":"Identifier.period","min":0,"max":"1"},"type":[{"code":"Period"}],"isModifier":false,"isSummary":true,"mapping":[{"identity":"v2","map":"CX.7 + CX.8"},{"identity":"rim","map":"Role.effectiveTime or implied by context"},{"identity":"servd","map":"./StartDate and ./EndDate"}]},{"id":"Coverage.payor.identifier.assigner","path":"Coverage.payor.identifier.assigner","short":"Organization that issued id (may be just text)","definition":"Organization that issued/manages the identifier.","comment":"The Identifier.assigner may omit the .reference element and only contain a .display element reflecting the name or other textual information about the assigning organization.","min":0,"max":"1","base":{"path":"Identifier.assigner","min":0,"max":"1"},"type":[{"code":"Reference","targetProfile":"http://hl7.org/fhir/StructureDefinition/Organization"}],"isModifier":false,"isSummary":true,"mapping":[{"identity":"v2","map":"CX.4 / (CX.4,CX.9,CX.10)"},{"identity":"rim","map":"II.assigningAuthorityName but note that this is an improper use by the definition of the field.  Also Role.scoper"},{"identity":"servd","map":"./IdentifierIssuingAuthority"}]},{"id":"Coverage.payor.display","extension":[{"url":"http://hl7.org/fhir/StructureDefinition/elementdefinition-translatable","valueBoolean":true}],"path":"Coverage.payor.display","short":"Text alternative for the resource","definition":"Plain text narrative that identifies the resource in addition to the resource reference.","comment":"This is generally not the same as the Resource.text of the referenced resource.  The purpose is to identify what's being referenced, not to fully describe it.","min":0,"max":"1","base":{"path":"Reference.display","min":0,"max":"1"},"type":[{"code":"string"}],"isModifier":false,"isSummary":true,"mapping":[{"identity":"rim","map":"N/A"}]},{"id":"Coverage.class","extension":[{"url":"http://hl7.org/fhir/StructureDefinition/structuredefinition-explicit-type-name","valueString":"Class"}],"path":"Coverage.class","slicing":{"discriminator":[{"type":"value","path":"type"}],"ordered":false,"rules":"closed"},"short":"Additional coverage classifications","definition":"A suite of underwriter specific classifiers.","comment":"For example may be used to identify a class of coverage or employer group, Policy, Plan.","requirements":"The codes provided on the health card which identify or confirm the specific policy for the insurer.","min":3,"max":"4","base":{"path":"Coverage.class","min":0,"max":"*"},"type":[{"code":"BackboneElement"}],"constraint":[{"key":"ele-1","severity":"error","human":"All FHIR elements must have a @value or children","expression":"hasValue() or (children().count() > id.count())","xpath":"@value|f:*|h:div","source":"Element"}],"isModifier":false,"isSummary":false},{"id":"Coverage.class.id","path":"Coverage.class.id","representation":["xmlAttr"],"short":"Unique id for inter-element referencing","definition":"Unique id for the element within a resource (for internal references). This may be any string value that does not contain spaces.","min":0,"max":"1","base":{"path":"Element.id","min":0,"max":"1"},"type":[{"code":"string"}],"isModifier":false,"isSummary":false,"mapping":[{"identity":"rim","map":"n/a"}]},{"id":"Coverage.class.extension","path":"Coverage.class.extension","short":"Additional content defined by implementations","definition":"May be used to represent additional information that is not part of the basic definition of the element. To make the use of extensions safe and manageable, there is a strict set of governance  applied to the definition and use of extensions. Though any implementer can define an extension, there is a set of requirements that SHALL be met as part of the definition of the extension.","comment":"There can be no stigma associated with the use of extensions by any application, project, or standard - regardless of the institution or jurisdiction that uses or defines the extensions.  The use of extensions is what allows the FHIR specification to retain a core level of simplicity for everyone.","alias":["extensions","user content"],"min":0,"max":"*","base":{"path":"Element.extension","min":0,"max":"*"},"type":[{"code":"Extension"}],"isModifier":false,"isSummary":false,"mapping":[{"identity":"rim","map":"n/a"}]},{"id":"Coverage.class.modifierExtension","extension":[{"url":"http://hl7.org/fhir/4.0/StructureDefinition/extension-ElementDefinition.isModifierReason","valueString":"Modifier extensions are expected to modify the meaning or interpretation of the element that contains them"}],"path":"Coverage.class.modifierExtension","short":"Extensions that cannot be ignored even if unrecognized","definition":"May be used to represent additional information that is not part of the basic definition of the element and that modifies the understanding of the element in which it is contained and/or the understanding of the containing element's descendants. Usually modifier elements provide negation or qualification. To make the use of extensions safe and manageable, there is a strict set of governance applied to the definition and use of extensions. Though any implementer can define an extension, there is a set of requirements that SHALL be met as part of the definition of the extension. Applications processing a resource are required to check for modifier extensions.\n\nModifier extensions SHALL NOT change the meaning of any elements on Resource or DomainResource (including cannot change the meaning of modifierExtension itself).","comment":"There can be no stigma associated with the use of extensions by any application, project, or standard - regardless of the institution or jurisdiction that uses or defines the extensions.  The use of extensions is what allows the FHIR specification to retain a core level of simplicity for everyone.","requirements":"Modifier extensions allow for extensions that *cannot* be safely ignored to be clearly distinguished from the vast majority of extensions which can be safely ignored.  This promotes interoperability by eliminating the need for implementers to prohibit the presence of extensions. For further information, see the [definition of modifier extensions](http://hl7.org/fhir/R4/extensibility.html#modifierExtension).","alias":["extensions","user content","modifiers"],"min":0,"max":"*","base":{"path":"BackboneElement.modifierExtension","min":0,"max":"*"},"type":[{"code":"Extension"}],"isModifier":true,"isSummary":true,"mapping":[{"identity":"rim","map":"N/A"}]},{"id":"Coverage.class.type","path":"Coverage.class.type","short":"Type of class such as 'group' or 'plan'","definition":"The type of classification for which an insurer-specific class label or number and optional name is provided, for example may be used to identify a class of coverage or employer group, Policy, Plan.","requirements":"The insurer issued label for a specific health card value.","min":1,"max":"1","base":{"path":"Coverage.class.type","min":1,"max":"1"},"type":[{"code":"CodeableConcept"}],"isModifier":false,"isSummary":true,"binding":{"extension":[{"url":"http://hl7.org/fhir/StructureDefinition/elementdefinition-bindingName","valueString":"CoverageClass"}],"strength":"extensible","description":"The policy classifications, eg. Group, Plan, Class, etc.","valueSetReference":{"reference":"http://hl7.org/fhir/ValueSet/coverage-class"}}},{"id":"Coverage.class.value","path":"Coverage.class.value","short":"Value associated with the type","definition":"The alphanumeric string value associated with the insurer issued label.","comment":"For example, the Group or Plan number.","requirements":"The insurer issued label and value are necessary to identify the specific policy.","min":1,"max":"1","base":{"path":"Coverage.class.value","min":1,"max":"1"},"type":[{"code":"string"}],"isModifier":false,"isSummary":true,"mapping":[{"identity":"cdanetv4","map":"C11 (Division,Section)"},{"identity":"v2","map":"IN1-8"},{"identity":"cpha3pharm","map":"C.31"}]},{"id":"Coverage.class.name","path":"Coverage.class.name","short":"Human readable description of the type and value","definition":"A short description for the class.","requirements":"Used to provide a meaningful description in correspondence to the patient.","min":0,"max":"1","base":{"path":"Coverage.class.name","min":0,"max":"1"},"type":[{"code":"string"}],"isModifier":false,"isSummary":true,"mapping":[{"identity":"cdanetv4","map":"C11 (Division,Section)"},{"identity":"v2","map":"IN1-8"},{"identity":"cpha3pharm","map":"C.31"}]},{"id":"Coverage.class:bin","extension":[{"url":"http://hl7.org/fhir/StructureDefinition/structuredefinition-explicit-type-name","valueString":"Class"}],"path":"Coverage.class","sliceName":"bin","label":"BIN","short":"BIN","definition":"A suite of underwriter specific classifiers.","comment":"For example may be used to identify a class of coverage or employer group, Policy, Plan.","requirements":"The codes provided on the health card which identify or confirm the specific policy for the insurer.","min":1,"max":"1","base":{"path":"Coverage.class","min":0,"max":"*"},"type":[{"code":"BackboneElement"}],"constraint":[{"key":"ele-1","severity":"error","human":"All FHIR elements must have a @value or children","expression":"hasValue() or (children().count() > id.count())","xpath":"@value|f:*|h:div","source":"Element"}],"isModifier":false,"isSummary":false},{"id":"Coverage.class:bin.id","path":"Coverage.class.id","representation":["xmlAttr"],"short":"Unique id for inter-element referencing","definition":"Unique id for the element within a resource (for internal references). This may be any string value that does not contain spaces.","min":0,"max":"1","base":{"path":"Element.id","min":0,"max":"1"},"type":[{"code":"string"}],"isModifier":false,"isSummary":false,"mapping":[{"identity":"rim","map":"n/a"}]},{"id":"Coverage.class:bin.extension","path":"Coverage.class.extension","short":"Additional content defined by implementations","definition":"May be used to represent additional information that is not part of the basic definition of the element. To make the use of extensions safe and manageable, there is a strict set of governance  applied to the definition and use of extensions. Though any implementer can define an extension, there is a set of requirements that SHALL be met as part of the definition of the extension.","comment":"There can be no stigma associated with the use of extensions by any application, project, or standard - regardless of the institution or jurisdiction that uses or defines the extensions.  The use of extensions is what allows the FHIR specification to retain a core level of simplicity for everyone.","alias":["extensions","user content"],"min":0,"max":"*","base":{"path":"Element.extension","min":0,"max":"*"},"type":[{"code":"Extension"}],"isModifier":false,"isSummary":false,"mapping":[{"identity":"rim","map":"n/a"}]},{"id":"Coverage.class:bin.modifierExtension","extension":[{"url":"http://hl7.org/fhir/4.0/StructureDefinition/extension-ElementDefinition.isModifierReason","valueString":"Modifier extensions are expected to modify the meaning or interpretation of the element that contains them"}],"path":"Coverage.class.modifierExtension","short":"Extensions that cannot be ignored even if unrecognized","definition":"May be used to represent additional information that is not part of the basic definition of the element and that modifies the understanding of the element in which it is contained and/or the understanding of the containing element's descendants. Usually modifier elements provide negation or qualification. To make the use of extensions safe and manageable, there is a strict set of governance applied to the definition and use of extensions. Though any implementer can define an extension, there is a set of requirements that SHALL be met as part of the definition of the extension. Applications processing a resource are required to check for modifier extensions.\n\nModifier extensions SHALL NOT change the meaning of any elements on Resource or DomainResource (including cannot change the meaning of modifierExtension itself).","comment":"There can be no stigma associated with the use of extensions by any application, project, or standard - regardless of the institution or jurisdiction that uses or defines the extensions.  The use of extensions is what allows the FHIR specification to retain a core level of simplicity for everyone.","requirements":"Modifier extensions allow for extensions that *cannot* be safely ignored to be clearly distinguished from the vast majority of extensions which can be safely ignored.  This promotes interoperability by eliminating the need for implementers to prohibit the presence of extensions. For further information, see the [definition of modifier extensions](http://hl7.org/fhir/R4/extensibility.html#modifierExtension).","alias":["extensions","user content","modifiers"],"min":0,"max":"*","base":{"path":"BackboneElement.modifierExtension","min":0,"max":"*"},"type":[{"code":"Extension"}],"isModifier":true,"isSummary":true,"mapping":[{"identity":"rim","map":"N/A"}]},{"id":"Coverage.class:bin.type","path":"Coverage.class.type","short":"Type of class such as 'group' or 'plan'","definition":"The type of classification for which an insurer-specific class label or number and optional name is provided, for example may be used to identify a class of coverage or employer group, Policy, Plan.","requirements":"The insurer issued label for a specific health card value.","min":1,"max":"1","base":{"path":"Coverage.class.type","min":1,"max":"1"},"type":[{"code":"CodeableConcept"}],"patternCodeableConcept":{"coding":[{"system":"http://terminology.hl7.org/CodeSystem/coverage-class","code":"rxbin"}]},"isModifier":false,"isSummary":true,"binding":{"extension":[{"url":"http://hl7.org/fhir/StructureDefinition/elementdefinition-bindingName","valueString":"CoverageClass"}],"strength":"extensible","description":"The policy classifications, eg. Group, Plan, Class, etc.","valueSetReference":{"reference":"http://hl7.org/fhir/ValueSet/coverage-class"}}},{"id":"Coverage.class:bin.value","path":"Coverage.class.value","short":"Value associated with the type","definition":"The alphanumeric string value associated with the insurer issued label.","comment":"For example, the Group or Plan number.","requirements":"The insurer issued label and value are necessary to identify the specific policy.","min":1,"max":"1","base":{"path":"Coverage.class.value","min":1,"max":"1"},"type":[{"code":"string"}],"isModifier":false,"isSummary":true,"mapping":[{"identity":"cdanetv4","map":"C11 (Division,Section)"},{"identity":"v2","map":"IN1-8"},{"identity":"cpha3pharm","map":"C.31"}]},{"id":"Coverage.class:bin.name","path":"Coverage.class.name","short":"Human readable description of the type and value","definition":"A short description for the class.","requirements":"Used to provide a meaningful description in correspondence to the patient.","min":0,"max":"1","base":{"path":"Coverage.class.name","min":0,"max":"1"},"type":[{"code":"string"}],"isModifier":false,"isSummary":true,"mapping":[{"identity":"cdanetv4","map":"C11 (Division,Section)"},{"identity":"v2","map":"IN1-8"},{"identity":"cpha3pharm","map":"C.31"}]},{"id":"Coverage.class:pcn","extension":[{"url":"http://hl7.org/fhir/StructureDefinition/structuredefinition-explicit-type-name","valueString":"Class"}],"path":"Coverage.class","sliceName":"pcn","label":"PCN (IIN)","short":"PCN (IIN)","definition":"A suite of underwriter specific classifiers.","comment":"For example may be used to identify a class of coverage or employer group, Policy, Plan.","requirements":"The codes provided on the health card which identify or confirm the specific policy for the insurer.","min":1,"max":"1","base":{"path":"Coverage.class","min":0,"max":"*"},"type":[{"code":"BackboneElement"}],"constraint":[{"key":"ele-1","severity":"error","human":"All FHIR elements must have a @value or children","expression":"hasValue() or (children().count() > id.count())","xpath":"@value|f:*|h:div","source":"Element"}],"isModifier":false,"isSummary":false},{"id":"Coverage.class:pcn.id","path":"Coverage.class.id","representation":["xmlAttr"],"short":"Unique id for inter-element referencing","definition":"Unique id for the element within a resource (for internal references). This may be any string value that does not contain spaces.","min":0,"max":"1","base":{"path":"Element.id","min":0,"max":"1"},"type":[{"code":"string"}],"isModifier":false,"isSummary":false,"mapping":[{"identity":"rim","map":"n/a"}]},{"id":"Coverage.class:pcn.extension","path":"Coverage.class.extension","short":"Additional content defined by implementations","definition":"May be used to represent additional information that is not part of the basic definition of the element. To make the use of extensions safe and manageable, there is a strict set of governance  applied to the definition and use of extensions. Though any implementer can define an extension, there is a set of requirements that SHALL be met as part of the definition of the extension.","comment":"There can be no stigma associated with the use of extensions by any application, project, or standard - regardless of the institution or jurisdiction that uses or defines the extensions.  The use of extensions is what allows the FHIR specification to retain a core level of simplicity for everyone.","alias":["extensions","user content"],"min":0,"max":"*","base":{"path":"Element.extension","min":0,"max":"*"},"type":[{"code":"Extension"}],"isModifier":false,"isSummary":false,"mapping":[{"identity":"rim","map":"n/a"}]},{"id":"Coverage.class:pcn.modifierExtension","extension":[{"url":"http://hl7.org/fhir/4.0/StructureDefinition/extension-ElementDefinition.isModifierReason","valueString":"Modifier extensions are expected to modify the meaning or interpretation of the element that contains them"}],"path":"Coverage.class.modifierExtension","short":"Extensions that cannot be ignored even if unrecognized","definition":"May be used to represent additional information that is not part of the basic definition of the element and that modifies the understanding of the element in which it is contained and/or the understanding of the containing element's descendants. Usually modifier elements provide negation or qualification. To make the use of extensions safe and manageable, there is a strict set of governance applied to the definition and use of extensions. Though any implementer can define an extension, there is a set of requirements that SHALL be met as part of the definition of the extension. Applications processing a resource are required to check for modifier extensions.\n\nModifier extensions SHALL NOT change the meaning of any elements on Resource or DomainResource (including cannot change the meaning of modifierExtension itself).","comment":"There can be no stigma associated with the use of extensions by any application, project, or standard - regardless of the institution or jurisdiction that uses or defines the extensions.  The use of extensions is what allows the FHIR specification to retain a core level of simplicity for everyone.","requirements":"Modifier extensions allow for extensions that *cannot* be safely ignored to be clearly distinguished from the vast majority of extensions which can be safely ignored.  This promotes interoperability by eliminating the need for implementers to prohibit the presence of extensions. For further information, see the [definition of modifier extensions](http://hl7.org/fhir/R4/extensibility.html#modifierExtension).","alias":["extensions","user content","modifiers"],"min":0,"max":"*","base":{"path":"BackboneElement.modifierExtension","min":0,"max":"*"},"type":[{"code":"Extension"}],"isModifier":true,"isSummary":true,"mapping":[{"identity":"rim","map":"N/A"}]},{"id":"Coverage.class:pcn.type","path":"Coverage.class.type","short":"Type of class such as 'group' or 'plan'","definition":"The type of classification for which an insurer-specific class label or number and optional name is provided, for example may be used to identify a class of coverage or employer group, Policy, Plan.","requirements":"The insurer issued label for a specific health card value.","min":1,"max":"1","base":{"path":"Coverage.class.type","min":1,"max":"1"},"type":[{"code":"CodeableConcept"}],"patternCodeableConcept":{"coding":[{"system":"http://terminology.hl7.org/CodeSystem/coverage-class","code":"rxpcn"}]},"isModifier":false,"isSummary":true,"binding":{"extension":[{"url":"http://hl7.org/fhir/StructureDefinition/elementdefinition-bindingName","valueString":"CoverageClass"}],"strength":"extensible","description":"The policy classifications, eg. Group, Plan, Class, etc.","valueSetReference":{"reference":"http://hl7.org/fhir/ValueSet/coverage-class"}}},{"id":"Coverage.class:pcn.value","path":"Coverage.class.value","short":"Value associated with the type","definition":"The alphanumeric string value associated with the insurer issued label.","comment":"For example, the Group or Plan number.","requirements":"The insurer issued label and value are necessary to identify the specific policy.","min":1,"max":"1","base":{"path":"Coverage.class.value","min":1,"max":"1"},"type":[{"code":"string"}],"isModifier":false,"isSummary":true,"mapping":[{"identity":"cdanetv4","map":"C11 (Division,Section)"},{"identity":"v2","map":"IN1-8"},{"identity":"cpha3pharm","map":"C.31"}]},{"id":"Coverage.class:pcn.name","path":"Coverage.class.name","short":"Human readable description of the type and value","definition":"A short description for the class.","requirements":"Used to provide a meaningful description in correspondence to the patient.","min":0,"max":"1","base":{"path":"Coverage.class.name","min":0,"max":"1"},"type":[{"code":"string"}],"isModifier":false,"isSummary":true,"mapping":[{"identity":"cdanetv4","map":"C11 (Division,Section)"},{"identity":"v2","map":"IN1-8"},{"identity":"cpha3pharm","map":"C.31"}]},{"id":"Coverage.class:group-id","extension":[{"url":"http://hl7.org/fhir/StructureDefinition/structuredefinition-explicit-type-name","valueString":"Class"}],"path":"Coverage.class","sliceName":"group-id","label":"Group ID","short":"Group ID","definition":"A suite of underwriter specific classifiers.","comment":"For example may be used to identify a class of coverage or employer group, Policy, Plan.","requirements":"The codes provided on the health card which identify or confirm the specific policy for the insurer.","min":1,"max":"1","base":{"path":"Coverage.class","min":0,"max":"*"},"type":[{"code":"BackboneElement"}],"constraint":[{"key":"ele-1","severity":"error","human":"All FHIR elements must have a @value or children","expression":"hasValue() or (children().count() > id.count())","xpath":"@value|f:*|h:div","source":"Element"}],"isModifier":false,"isSummary":false},{"id":"Coverage.class:group-id.id","path":"Coverage.class.id","representation":["xmlAttr"],"short":"Unique id for inter-element referencing","definition":"Unique id for the element within a resource (for internal references). This may be any string value that does not contain spaces.","min":0,"max":"1","base":{"path":"Element.id","min":0,"max":"1"},"type":[{"code":"string"}],"isModifier":false,"isSummary":false,"mapping":[{"identity":"rim","map":"n/a"}]},{"id":"Coverage.class:group-id.extension","path":"Coverage.class.extension","short":"Additional content defined by implementations","definition":"May be used to represent additional information that is not part of the basic definition of the element. To make the use of extensions safe and manageable, there is a strict set of governance  applied to the definition and use of extensions. Though any implementer can define an extension, there is a set of requirements that SHALL be met as part of the definition of the extension.","comment":"There can be no stigma associated with the use of extensions by any application, project, or standard - regardless of the institution or jurisdiction that uses or defines the extensions.  The use of extensions is what allows the FHIR specification to retain a core level of simplicity for everyone.","alias":["extensions","user content"],"min":0,"max":"*","base":{"path":"Element.extension","min":0,"max":"*"},"type":[{"code":"Extension"}],"isModifier":false,"isSummary":false,"mapping":[{"identity":"rim","map":"n/a"}]},{"id":"Coverage.class:group-id.modifierExtension","extension":[{"url":"http://hl7.org/fhir/4.0/StructureDefinition/extension-ElementDefinition.isModifierReason","valueString":"Modifier extensions are expected to modify the meaning or interpretation of the element that contains them"}],"path":"Coverage.class.modifierExtension","short":"Extensions that cannot be ignored even if unrecognized","definition":"May be used to represent additional information that is not part of the basic definition of the element and that modifies the understanding of the element in which it is contained and/or the understanding of the containing element's descendants. Usually modifier elements provide negation or qualification. To make the use of extensions safe and manageable, there is a strict set of governance applied to the definition and use of extensions. Though any implementer can define an extension, there is a set of requirements that SHALL be met as part of the definition of the extension. Applications processing a resource are required to check for modifier extensions.\n\nModifier extensions SHALL NOT change the meaning of any elements on Resource or DomainResource (including cannot change the meaning of modifierExtension itself).","comment":"There can be no stigma associated with the use of extensions by any application, project, or standard - regardless of the institution or jurisdiction that uses or defines the extensions.  The use of extensions is what allows the FHIR specification to retain a core level of simplicity for everyone.","requirements":"Modifier extensions allow for extensions that *cannot* be safely ignored to be clearly distinguished from the vast majority of extensions which can be safely ignored.  This promotes interoperability by eliminating the need for implementers to prohibit the presence of extensions. For further information, see the [definition of modifier extensions](http://hl7.org/fhir/R4/extensibility.html#modifierExtension).","alias":["extensions","user content","modifiers"],"min":0,"max":"*","base":{"path":"BackboneElement.modifierExtension","min":0,"max":"*"},"type":[{"code":"Extension"}],"isModifier":true,"isSummary":true,"mapping":[{"identity":"rim","map":"N/A"}]},{"id":"Coverage.class:group-id.type","path":"Coverage.class.type","short":"Type of class such as 'group' or 'plan'","definition":"The type of classification for which an insurer-specific class label or number and optional name is provided, for example may be used to identify a class of coverage or employer group, Policy, Plan.","requirements":"The insurer issued label for a specific health card value.","min":1,"max":"1","base":{"path":"Coverage.class.type","min":1,"max":"1"},"type":[{"code":"CodeableConcept"}],"patternCodeableConcept":{"coding":[{"system":"http://terminology.hl7.org/CodeSystem/coverage-class","code":"group"}]},"isModifier":false,"isSummary":true,"binding":{"extension":[{"url":"http://hl7.org/fhir/StructureDefinition/elementdefinition-bindingName","valueString":"CoverageClass"}],"strength":"extensible","description":"The policy classifications, eg. Group, Plan, Class, etc.","valueSetReference":{"reference":"http://hl7.org/fhir/ValueSet/coverage-class"}}},{"id":"Coverage.class:group-id.value","path":"Coverage.class.value","short":"Value associated with the type","definition":"The alphanumeric string value associated with the insurer issued label.","comment":"For example, the Group or Plan number.","requirements":"The insurer issued label and value are necessary to identify the specific policy.","min":1,"max":"1","base":{"path":"Coverage.class.value","min":1,"max":"1"},"type":[{"code":"string"}],"isModifier":false,"isSummary":true,"mapping":[{"identity":"cdanetv4","map":"C11 (Division,Section)"},{"identity":"v2","map":"IN1-8"},{"identity":"cpha3pharm","map":"C.31"}]},{"id":"Coverage.class:group-id.name","path":"Coverage.class.name","short":"Human readable description of the type and value","definition":"A short description for the class.","requirements":"Used to provide a meaningful description in correspondence to the patient.","min":0,"max":"1","base":{"path":"Coverage.class.name","min":0,"max":"1"},"type":[{"code":"string"}],"isModifier":false,"isSummary":true,"mapping":[{"identity":"cdanetv4","map":"C11 (Division,Section)"},{"identity":"v2","map":"IN1-8"},{"identity":"cpha3pharm","map":"C.31"}]},{"id":"Coverage.class:pbm-member-id","extension":[{"url":"http://hl7.org/fhir/StructureDefinition/structuredefinition-explicit-type-name","valueString":"Class"}],"path":"Coverage.class","sliceName":"pbm-member-id","label":"PBM Member ID","short":"PBM Member ID","definition":"A suite of underwriter specific classifiers.","comment":"For example may be used to identify a class of coverage or employer group, Policy, Plan.","requirements":"The codes provided on the health card which identify or confirm the specific policy for the insurer.","min":0,"max":"1","base":{"path":"Coverage.class","min":0,"max":"*"},"type":[{"code":"BackboneElement"}],"constraint":[{"key":"ele-1","severity":"error","human":"All FHIR elements must have a @value or children","expression":"hasValue() or (children().count() > id.count())","xpath":"@value|f:*|h:div","source":"Element"}],"isModifier":false,"isSummary":false},{"id":"Coverage.class:pbm-member-id.id","path":"Coverage.class.id","representation":["xmlAttr"],"short":"Unique id for inter-element referencing","definition":"Unique id for the element within a resource (for internal references). This may be any string value that does not contain spaces.","min":0,"max":"1","base":{"path":"Element.id","min":0,"max":"1"},"type":[{"code":"string"}],"isModifier":false,"isSummary":false,"mapping":[{"identity":"rim","map":"n/a"}]},{"id":"Coverage.class:pbm-member-id.extension","path":"Coverage.class.extension","short":"Additional content defined by implementations","definition":"May be used to represent additional information that is not part of the basic definition of the element. To make the use of extensions safe and manageable, there is a strict set of governance  applied to the definition and use of extensions. Though any implementer can define an extension, there is a set of requirements that SHALL be met as part of the definition of the extension.","comment":"There can be no stigma associated with the use of extensions by any application, project, or standard - regardless of the institution or jurisdiction that uses or defines the extensions.  The use of extensions is what allows the FHIR specification to retain a core level of simplicity for everyone.","alias":["extensions","user content"],"min":0,"max":"*","base":{"path":"Element.extension","min":0,"max":"*"},"type":[{"code":"Extension"}],"isModifier":false,"isSummary":false,"mapping":[{"identity":"rim","map":"n/a"}]},{"id":"Coverage.class:pbm-member-id.modifierExtension","extension":[{"url":"http://hl7.org/fhir/4.0/StructureDefinition/extension-ElementDefinition.isModifierReason","valueString":"Modifier extensions are expected to modify the meaning or interpretation of the element that contains them"}],"path":"Coverage.class.modifierExtension","short":"Extensions that cannot be ignored even if unrecognized","definition":"May be used to represent additional information that is not part of the basic definition of the element and that modifies the understanding of the element in which it is contained and/or the understanding of the containing element's descendants. Usually modifier elements provide negation or qualification. To make the use of extensions safe and manageable, there is a strict set of governance applied to the definition and use of extensions. Though any implementer can define an extension, there is a set of requirements that SHALL be met as part of the definition of the extension. Applications processing a resource are required to check for modifier extensions.\n\nModifier extensions SHALL NOT change the meaning of any elements on Resource or DomainResource (including cannot change the meaning of modifierExtension itself).","comment":"There can be no stigma associated with the use of extensions by any application, project, or standard - regardless of the institution or jurisdiction that uses or defines the extensions.  The use of extensions is what allows the FHIR specification to retain a core level of simplicity for everyone.","requirements":"Modifier extensions allow for extensions that *cannot* be safely ignored to be clearly distinguished from the vast majority of extensions which can be safely ignored.  This promotes interoperability by eliminating the need for implementers to prohibit the presence of extensions. For further information, see the [definition of modifier extensions](http://hl7.org/fhir/R4/extensibility.html#modifierExtension).","alias":["extensions","user content","modifiers"],"min":0,"max":"*","base":{"path":"BackboneElement.modifierExtension","min":0,"max":"*"},"type":[{"code":"Extension"}],"isModifier":true,"isSummary":true,"mapping":[{"identity":"rim","map":"N/A"}]},{"id":"Coverage.class:pbm-member-id.type","path":"Coverage.class.type","short":"Type of class such as 'group' or 'plan'","definition":"The type of classification for which an insurer-specific class label or number and optional name is provided, for example may be used to identify a class of coverage or employer group, Policy, Plan.","requirements":"The insurer issued label for a specific health card value.","min":1,"max":"1","base":{"path":"Coverage.class.type","min":1,"max":"1"},"type":[{"code":"CodeableConcept"}],"patternCodeableConcept":{"coding":[{"system":"http://terminology.hl7.org/CodeSystem/coverage-class","code":"rxid"}]},"isModifier":false,"isSummary":true,"binding":{"extension":[{"url":"http://hl7.org/fhir/StructureDefinition/elementdefinition-bindingName","valueString":"CoverageClass"}],"strength":"extensible","description":"The policy classifications, eg. Group, Plan, Class, etc.","valueSetReference":{"reference":"http://hl7.org/fhir/ValueSet/coverage-class"}}},{"id":"Coverage.class:pbm-member-id.value","path":"Coverage.class.value","short":"Value associated with the type","definition":"The alphanumeric string value associated with the insurer issued label.","comment":"For example, the Group or Plan number.","requirements":"The insurer issued label and value are necessary to identify the specific policy.","min":1,"max":"1","base":{"path":"Coverage.class.value","min":1,"max":"1"},"type":[{"code":"string"}],"isModifier":false,"isSummary":true,"mapping":[{"identity":"cdanetv4","map":"C11 (Division,Section)"},{"identity":"v2","map":"IN1-8"},{"identity":"cpha3pharm","map":"C.31"}]},{"id":"Coverage.class:pbm-member-id.name","path":"Coverage.class.name","short":"Human readable description of the type and value","definition":"A short description for the class.","requirements":"Used to provide a meaningful description in correspondence to the patient.","min":0,"max":"1","base":{"path":"Coverage.class.name","min":0,"max":"1"},"type":[{"code":"string"}],"isModifier":false,"isSummary":true,"mapping":[{"identity":"cdanetv4","map":"C11 (Division,Section)"},{"identity":"v2","map":"IN1-8"},{"identity":"cpha3pharm","map":"C.31"}]},{"id":"Coverage.order","path":"Coverage.order","short":"Relative order of the coverage","definition":"The order of applicability of this coverage relative to other coverages which are currently in force. Note, there may be gaps in the numbering and this does not imply primary, secondary etc. as the specific positioning of coverages depends upon the episode of care.","requirements":"Used in managing the coordination of benefits.","min":0,"max":"1","base":{"path":"Coverage.order","min":0,"max":"1"},"type":[{"code":"positiveInt"}],"isModifier":false,"isSummary":true,"mapping":[{"identity":"v2","map":"- No exact HL7 v2 equivalent concept seems to exist;"}]},{"id":"Coverage.network","path":"Coverage.network","short":"Insurer network","definition":"The insurer-specific identifier for the insurer-defined network of providers to which the beneficiary may seek treatment which will be covered at the 'in-network' rate, otherwise 'out of network' terms and conditions apply.","requirements":"Used in referral for treatment and in claims processing.","min":0,"max":"1","base":{"path":"Coverage.network","min":0,"max":"1"},"type":[{"code":"string"}],"isModifier":false,"isSummary":true,"mapping":[{"identity":"cdanetv4","map":"D10"}]},{"id":"Coverage.costToBeneficiary","extension":[{"url":"http://hl7.org/fhir/StructureDefinition/structuredefinition-explicit-type-name","valueString":"CostToBeneficiary"}],"path":"Coverage.costToBeneficiary","short":"Patient payments for services/products","definition":"A suite of codes indicating the cost category and associated amount which have been detailed in the policy and may have been  included on the health card.","comment":"For example by knowing the patient visit co-pay, the provider can collect the amount prior to undertaking treatment.","requirements":"Required by providers to manage financial transaction with the patient.","alias":["CoPay","Deductible","Exceptions"],"min":0,"max":"*","base":{"path":"Coverage.costToBeneficiary","min":0,"max":"*"},"type":[{"code":"BackboneElement"}],"constraint":[{"key":"ele-1","severity":"error","human":"All FHIR elements must have a @value or children","expression":"hasValue() or (children().count() > id.count())","xpath":"@value|f:*|h:div","source":"Element"}],"isModifier":false,"isSummary":false},{"id":"Coverage.costToBeneficiary.id","path":"Coverage.costToBeneficiary.id","representation":["xmlAttr"],"short":"Unique id for inter-element referencing","definition":"Unique id for the element within a resource (for internal references). This may be any string value that does not contain spaces.","min":0,"max":"1","base":{"path":"Element.id","min":0,"max":"1"},"type":[{"code":"string"}],"isModifier":false,"isSummary":false,"mapping":[{"identity":"rim","map":"n/a"}]},{"id":"Coverage.costToBeneficiary.extension","path":"Coverage.costToBeneficiary.extension","short":"Additional content defined by implementations","definition":"May be used to represent additional information that is not part of the basic definition of the element. To make the use of extensions safe and manageable, there is a strict set of governance  applied to the definition and use of extensions. Though any implementer can define an extension, there is a set of requirements that SHALL be met as part of the definition of the extension.","comment":"There can be no stigma associated with the use of extensions by any application, project, or standard - regardless of the institution or jurisdiction that uses or defines the extensions.  The use of extensions is what allows the FHIR specification to retain a core level of simplicity for everyone.","alias":["extensions","user content"],"min":0,"max":"*","base":{"path":"Element.extension","min":0,"max":"*"},"type":[{"code":"Extension"}],"isModifier":false,"isSummary":false,"mapping":[{"identity":"rim","map":"n/a"}]},{"id":"Coverage.costToBeneficiary.modifierExtension","extension":[{"url":"http://hl7.org/fhir/4.0/StructureDefinition/extension-ElementDefinition.isModifierReason","valueString":"Modifier extensions are expected to modify the meaning or interpretation of the element that contains them"}],"path":"Coverage.costToBeneficiary.modifierExtension","short":"Extensions that cannot be ignored even if unrecognized","definition":"May be used to represent additional information that is not part of the basic definition of the element and that modifies the understanding of the element in which it is contained and/or the understanding of the containing element's descendants. Usually modifier elements provide negation or qualification. To make the use of extensions safe and manageable, there is a strict set of governance applied to the definition and use of extensions. Though any implementer can define an extension, there is a set of requirements that SHALL be met as part of the definition of the extension. Applications processing a resource are required to check for modifier extensions.\n\nModifier extensions SHALL NOT change the meaning of any elements on Resource or DomainResource (including cannot change the meaning of modifierExtension itself).","comment":"There can be no stigma associated with the use of extensions by any application, project, or standard - regardless of the institution or jurisdiction that uses or defines the extensions.  The use of extensions is what allows the FHIR specification to retain a core level of simplicity for everyone.","requirements":"Modifier extensions allow for extensions that *cannot* be safely ignored to be clearly distinguished from the vast majority of extensions which can be safely ignored.  This promotes interoperability by eliminating the need for implementers to prohibit the presence of extensions. For further information, see the [definition of modifier extensions](http://hl7.org/fhir/R4/extensibility.html#modifierExtension).","alias":["extensions","user content","modifiers"],"min":0,"max":"*","base":{"path":"BackboneElement.modifierExtension","min":0,"max":"*"},"type":[{"code":"Extension"}],"isModifier":true,"isSummary":true,"mapping":[{"identity":"rim","map":"N/A"}]},{"id":"Coverage.costToBeneficiary.type","path":"Coverage.costToBeneficiary.type","short":"Cost category","definition":"The category of patient centric costs associated with treatment.","comment":"For example visit, specialist visits, emergency, inpatient care, etc.","requirements":"Needed to identify the category associated with the amount for the patient.","min":0,"max":"1","base":{"path":"Coverage.costToBeneficiary.type","min":0,"max":"1"},"type":[{"code":"CodeableConcept"}],"isModifier":false,"isSummary":true,"binding":{"extension":[{"url":"http://hl7.org/fhir/StructureDefinition/elementdefinition-bindingName","valueString":"CopayTypes"}],"strength":"extensible","description":"The types of services to which patient copayments are specified.","valueSetReference":{"reference":"http://hl7.org/fhir/ValueSet/coverage-copay-type"}}},{"id":"Coverage.costToBeneficiary.value[x]","path":"Coverage.costToBeneficiary.value[x]","short":"The amount or percentage due from the beneficiary","definition":"The amount due from the patient for the cost category.","comment":"Amount may be expressed as a percentage of the service/product cost or a fixed amount of currency.","requirements":"Needed to identify the amount for the patient associated with the category.","min":1,"max":"1","base":{"path":"Coverage.costToBeneficiary.value[x]","min":1,"max":"1"},"type":[{"code":"Quantity","profile":"http://hl7.org/fhir/StructureDefinition/SimpleQuantity"},{"code":"Money"}],"isModifier":false,"isSummary":true,"mapping":[{"identity":"cdanetv4","map":"C11 (Division,Section)"},{"identity":"v2","map":"IN1-8"},{"identity":"cpha3pharm","map":"C.31"}]},{"id":"Coverage.costToBeneficiary.exception","extension":[{"url":"http://hl7.org/fhir/StructureDefinition/structuredefinition-explicit-type-name","valueString":"Exemption"}],"path":"Coverage.costToBeneficiary.exception","short":"Exceptions for patient payments","definition":"A suite of codes indicating exceptions or reductions to patient costs and their effective periods.","requirements":"Required by providers to manage financial transaction with the patient.","min":0,"max":"*","base":{"path":"Coverage.costToBeneficiary.exception","min":0,"max":"*"},"type":[{"code":"BackboneElement"}],"constraint":[{"key":"ele-1","severity":"error","human":"All FHIR elements must have a @value or children","expression":"hasValue() or (children().count() > id.count())","xpath":"@value|f:*|h:div","source":"Element"}],"isModifier":false,"isSummary":false},{"id":"Coverage.costToBeneficiary.exception.id","path":"Coverage.costToBeneficiary.exception.id","representation":["xmlAttr"],"short":"Unique id for inter-element referencing","definition":"Unique id for the element within a resource (for internal references). This may be any string value that does not contain spaces.","min":0,"max":"1","base":{"path":"Element.id","min":0,"max":"1"},"type":[{"code":"string"}],"isModifier":false,"isSummary":false,"mapping":[{"identity":"rim","map":"n/a"}]},{"id":"Coverage.costToBeneficiary.exception.extension","path":"Coverage.costToBeneficiary.exception.extension","short":"Additional content defined by implementations","definition":"May be used to represent additional information that is not part of the basic definition of the element. To make the use of extensions safe and manageable, there is a strict set of governance  applied to the definition and use of extensions. Though any implementer can define an extension, there is a set of requirements that SHALL be met as part of the definition of the extension.","comment":"There can be no stigma associated with the use of extensions by any application, project, or standard - regardless of the institution or jurisdiction that uses or defines the extensions.  The use of extensions is what allows the FHIR specification to retain a core level of simplicity for everyone.","alias":["extensions","user content"],"min":0,"max":"*","base":{"path":"Element.extension","min":0,"max":"*"},"type":[{"code":"Extension"}],"isModifier":false,"isSummary":false,"mapping":[{"identity":"rim","map":"n/a"}]},{"id":"Coverage.costToBeneficiary.exception.modifierExtension","extension":[{"url":"http://hl7.org/fhir/4.0/StructureDefinition/extension-ElementDefinition.isModifierReason","valueString":"Modifier extensions are expected to modify the meaning or interpretation of the element that contains them"}],"path":"Coverage.costToBeneficiary.exception.modifierExtension","short":"Extensions that cannot be ignored even if unrecognized","definition":"May be used to represent additional information that is not part of the basic definition of the element and that modifies the understanding of the element in which it is contained and/or the understanding of the containing element's descendants. Usually modifier elements provide negation or qualification. To make the use of extensions safe and manageable, there is a strict set of governance applied to the definition and use of extensions. Though any implementer can define an extension, there is a set of requirements that SHALL be met as part of the definition of the extension. Applications processing a resource are required to check for modifier extensions.\n\nModifier extensions SHALL NOT change the meaning of any elements on Resource or DomainResource (including cannot change the meaning of modifierExtension itself).","comment":"There can be no stigma associated with the use of extensions by any application, project, or standard - regardless of the institution or jurisdiction that uses or defines the extensions.  The use of extensions is what allows the FHIR specification to retain a core level of simplicity for everyone.","requirements":"Modifier extensions allow for extensions that *cannot* be safely ignored to be clearly distinguished from the vast majority of extensions which can be safely ignored.  This promotes interoperability by eliminating the need for implementers to prohibit the presence of extensions. For further information, see the [definition of modifier extensions](http://hl7.org/fhir/R4/extensibility.html#modifierExtension).","alias":["extensions","user content","modifiers"],"min":0,"max":"*","base":{"path":"BackboneElement.modifierExtension","min":0,"max":"*"},"type":[{"code":"Extension"}],"isModifier":true,"isSummary":true,"mapping":[{"identity":"rim","map":"N/A"}]},{"id":"Coverage.costToBeneficiary.exception.type","path":"Coverage.costToBeneficiary.exception.type","short":"Exception category","definition":"The code for the specific exception.","requirements":"Needed to identify the exception associated with the amount for the patient.","min":1,"max":"1","base":{"path":"Coverage.costToBeneficiary.exception.type","min":1,"max":"1"},"type":[{"code":"CodeableConcept"}],"isModifier":false,"isSummary":true,"binding":{"extension":[{"url":"http://hl7.org/fhir/StructureDefinition/elementdefinition-bindingName","valueString":"CoverageFinancialException"}],"strength":"example","description":"The types of exceptions from the part or full value of financial obligations such as copays.","valueSetReference":{"reference":"http://hl7.org/fhir/ValueSet/coverage-financial-exception"}}},{"id":"Coverage.costToBeneficiary.exception.period","path":"Coverage.costToBeneficiary.exception.period","short":"The effective period of the exception","definition":"The timeframe during when the exception is in force.","requirements":"Needed to identify the applicable timeframe for the exception for the correct calculation of patient costs.","min":0,"max":"1","base":{"path":"Coverage.costToBeneficiary.exception.period","min":0,"max":"1"},"type":[{"code":"Period"}],"isModifier":false,"isSummary":true},{"id":"Coverage.subrogation","path":"Coverage.subrogation","short":"Reimbursement to insurer","definition":"When 'subrogation=true' this insurance instance has been included not for adjudication but to provide insurers with the details to recover costs.","comment":"Typically, automotive and worker's compensation policies would be flagged with 'subrogation=true' to enable healthcare payors to collect against accident claims.","requirements":"See definition for when to be used.","min":0,"max":"1","base":{"path":"Coverage.subrogation","min":0,"max":"1"},"type":[{"code":"boolean"}],"isModifier":false,"isSummary":false},{"id":"Coverage.contract","path":"Coverage.contract","short":"Contract details","definition":"The policy(s) which constitute this insurance coverage.","requirements":"To reference the legally binding contract between the policy holder and the insurer.","min":0,"max":"*","base":{"path":"Coverage.contract","min":0,"max":"*"},"type":[{"code":"Reference","targetProfile":"http://hl7.org/fhir/StructureDefinition/Contract"}],"isModifier":false,"isSummary":false,"mapping":[{"identity":"cdanetv4","map":"D01 through D09"},{"identity":"v2","map":"IN1-16, 18,  19"},{"identity":"rim","map":"n/a"},{"identity":"cpha3pharm","map":"C.35"}]}]},"differential":{"element":[{"id":"Coverage","path":"Coverage"},{"id":"Coverage.subscriberId","path":"Coverage.subscriberId","comment":"Either *PBM Member ID* (.class.type = 'rxid') or *Subscriber ID* must be populated"},{"id":"Coverage.payor","path":"Coverage.payor","label":"Payer ID or Ref (TBD)","short":"Payer ID or Ref (TBD)","max":"1","type":[{"code":"Reference","targetProfile":"http://hl7.org/fhir/us/carin/StructureDefinition/carin-rtpbc-payer-Organization"}]},{"id":"Coverage.payor.identifier","path":"Coverage.payor.identifier"},{"id":"Coverage.payor.identifier.system","path":"Coverage.payor.identifier.system","label":"Payer ID System (TBD)","short":"Payer ID System (TBD)","min":1,"binding":{"strength":"extensible","description":"TODO: Payer ID system"}},{"id":"Coverage.payor.identifier.value","path":"Coverage.payor.identifier.value","min":1},{"id":"Coverage.class","path":"Coverage.class","slicing":{"discriminator":[{"type":"value","path":"type"}],"ordered":false,"rules":"closed"},"min":3,"max":"4"},{"id":"Coverage.class:bin","path":"Coverage.class","sliceName":"bin","label":"BIN","short":"BIN","min":1,"max":"1"},{"id":"Coverage.class:bin.type","path":"Coverage.class.type","min":1,"max":"1","patternCodeableConcept":{"coding":[{"system":"http://terminology.hl7.org/CodeSystem/coverage-class","code":"rxbin"}]}},{"id":"Coverage.class:pcn","path":"Coverage.class","sliceName":"pcn","label":"PCN (IIN)","short":"PCN (IIN)","min":1,"max":"1"},{"id":"Coverage.class:pcn.type","path":"Coverage.class.type","min":1,"max":"1","patternCodeableConcept":{"coding":[{"system":"http://terminology.hl7.org/CodeSystem/coverage-class","code":"rxpcn"}]}},{"id":"Coverage.class:group-id","path":"Coverage.class","sliceName":"group-id","label":"Group ID","short":"Group ID","min":1,"max":"1"},{"id":"Coverage.class:group-id.type","path":"Coverage.class.type","min":1,"max":"1","patternCodeableConcept":{"coding":[{"system":"http://terminology.hl7.org/CodeSystem/coverage-class","code":"group"}]}},{"id":"Coverage.class:pbm-member-id","path":"Coverage.class","sliceName":"pbm-member-id","label":"PBM Member ID","short":"PBM Member ID","min":0,"max":"1"},{"id":"Coverage.class:pbm-member-id.type","path":"Coverage.class.type","min":1,"max":"1","patternCodeableConcept":{"coding":[{"system":"http://terminology.hl7.org/CodeSystem/coverage-class","code":"rxid"}]}}]}}