<?xml version="1.0" encoding="UTF-8"?>

<ValueSet xmlns="http://hl7.org/fhir">
  <id value="carin-rtpbc-patient-pay-category-value-set"/>
  <meta>
    <versionId value="1"/>
    <lastUpdated value="2019-11-01T02:16:21.000-05:00"/>
  </meta>
  <text>
    <status value="additional"/><div xmlns="http://www.w3.org/1999/xhtml">This value set contains components of a patient's responsibility for a prescription product's cost.&quot;  
        </div>
  </text>
  <url value="http://hl7.org/fhir/us/carin/ValueSet/rtpbc-patient-pay-category"/>
  <version value="0.1.00-DRAFT"/>
  <name value="CarinRtbpcPatientPayCategoryValueSet"/>
  <title value="CARIN RTPBC Patient Pay Category Value Set"/>
  <status value="draft"/>
  <date value="2019-10-25T00:00:00-05:00"/>
  <publisher value="CARIN Alliance"/>
  <description value="This value set contains components of a patient&#39;s responsibility for a prescription product&#39;s cost."/>
  <compose>
    <include>
      <system value="http://hl7.org/fhir/us/carin/CodeSystem/rtpbc-patient-pay-category"/>
      <concept>
        <code value="deductible"/>
        <display value="Deductible"/>
      </concept>
      <concept>
        <code value="coinsurance"/>
        <display value="Per prescription coinsurance"/>
      </concept>
      <concept>
        <code value="copay"/>
        <display value="Copay"/>
      </concept>
      <concept>
        <code value="tax"/>
        <display value="Tax"/>
      </concept>
      <concept>
        <code value="other"/>
        <display value="Other"/>
      </concept>
      <concept>
        <code value="total"/>
        <display value="Total patient responsibility"/>
      </concept>
    </include>
  </compose>
</ValueSet>