"Path","Slice Name","Alias(s)","Label","Min","Max","Must Support?","Is Modifier?","Is Summary?","Type(s)","Short","Definition","Comments","Requirements","Default Value","Meaning When Missing","Fixed Value","Pattern","Example","Minimum Value","Maximum Value","Maximum Length","Binding Strength","Binding Description","Binding Value Set","Code","Slicing Discriminator","Slicing Description","Slicing Ordered","Slicing Rules","Base Path","Base Min","Base Max","Condition(s)","Constraint(s)","Mapping: Workflow Pattern","Mapping: FiveWs Pattern Mapping","Mapping: RIM Mapping"
"ClaimResponse","","Remittance Advice
","",0,*,"","","","","Response to a claim predetermination or preauthorization","This resource provides the adjudication details from the processing of a Claim resource.","","","","","","","","","",,,,,"",,,,"ClaimResponse",0,*,"","dom-2:If the resource is contained in another resource, it SHALL NOT contain nested Resources {contained.contained.empty()}
dom-4:If a resource is contained in another resource, it SHALL NOT have a meta.versionId or a meta.lastUpdated {contained.meta.versionId.empty() and contained.meta.lastUpdated.empty()}dom-3:If the resource is contained in another resource, it SHALL be referred to from elsewhere in the resource or SHALL refer to the containing resource {contained.where((('#'+id in (%resource.descendants().reference | %resource.descendants().as(canonical) | %resource.descendants().as(uri) | %resource.descendants().as(url))) or descendants().where(reference = '#').exists() or descendants().where(as(canonical) = '#').exists() or descendants().where(as(canonical) = '#').exists()).not()).trace('unmatched', id).empty()}dom-6:A resource should have narrative for robust management {text.div.exists()}dom-5:If a resource is contained in another resource, it SHALL NOT have a security label {contained.meta.security.empty()}","Event","Entity. Role, or Act"
"ClaimResponse.id","","","",0,1,"","","Y","id {[]} {[]}
","Logical id of this artifact","The logical id of the resource, as used in the URL for the resource. Once assigned, this value never changes.","The only time that a resource does not have an id is when it is being submitted to the server using a create operation.","","","","","","","","",,,,,"",,,,"Resource.id",0,1,"",""
"ClaimResponse.meta","","","",0,1,"","","Y","Meta {[]} {[]}
","Metadata about the resource","The metadata about the resource. This is content that is maintained by the infrastructure. Changes to the content might not always be associated with version changes to the resource.","","","","","","","","","",,,,,"",,,,"Resource.meta",0,1,"",""
"ClaimResponse.implicitRules","","","",0,1,"","Y","Y","uri {[]} {[]}
","A set of rules under which this content was created","A reference to a set of rules that were followed when the resource was constructed, and which must be understood when processing the content. Often, this is a reference to an implementation guide that defines the special rules along with other profiles etc.","Asserting this rule set restricts the content to be only understood by a limited set of trading partners. This inherently limits the usefulness of the data in the long term. However, the existing health eco-system is highly fractured, and not yet ready to define, collect, and exchange data in a generally computable sense. Wherever possible, implementers and/or specification writers should avoid using this element. Often, when used, the URL is a reference to an implementation guide that defines these special rules as part of it's narrative along with other profiles, value sets, etc.","","","","","","","","",,,,,"",,,,"Resource.implicitRules",0,1,"",""
"ClaimResponse.language","","","",0,1,"","","","code {[]} {[]}
","Language of the resource content","The base language in which the resource is written.","Language is provided to support indexing and accessibility (typically, services such as text to speech use the language tag). The html language tag in the narrative applies  to the narrative. The language tag on the resource may be used to specify the language of other presentations generated from the data in the resource. Not all the content has to be in the base language. The Resource.language should not be assumed to apply to the narrative automatically. If a language is specified, it should it also be specified on the div element in the html (see rules in HTML5 for information about the relationship between xml:lang and the html lang attribute).","","","","","","","","",,"preferred","A human language.","http://hl7.org/fhir/ValueSet/languages","",,,,"Resource.language",0,1,"",""
"ClaimResponse.text","","narrative
htmlxhtmldisplay","",0,1,"","","","Narrative {[]} {[]}
","Text summary of the resource, for human interpretation","A human-readable narrative that contains a summary of the resource and can be used to represent the content of the resource to a human. The narrative need not encode all the structured data, but is required to contain sufficient detail to make it ""clinically safe"" for a human to just read the narrative. Resource definitions may define what content should be represented in the narrative to ensure clinical safety.","Contained resources do not have narrative. Resources that are not contained SHOULD have a narrative. In some cases, a resource may only have text with little or no additional discrete data (as long as all minOccurs=1 elements are satisfied).  This may be necessary for data from legacy systems where information is captured as a ""text blob"" or where text is additionally entered raw or narrated and encoded information is added later.","","","","","","","","",,,,,"",,,,"DomainResource.text",0,1,"","","Act.text?"
"ClaimResponse.contained","","inline resources
anonymous resourcescontained resources","",0,*,"","","","Resource {[]} {[]}
","Contained, inline Resources","These resources do not have an independent existence apart from the resource that contains them - they cannot be identified independently, and nor can they have their own independent transaction scope.","This should never be done when the content can be identified properly, as once identification is lost, it is extremely difficult (and context dependent) to restore it again. Contained resources may have profiles and tags In their meta elements, but SHALL NOT have security labels.","","","","","","","","",,,,,"",,,,"DomainResource.contained",0,*,"","","N/A"
"ClaimResponse.extension","","extensions
user content","",0,*,"","","","Extension {[]} {[]}
","Additional content defined by implementations","May be used to represent additional information that is not part of the basic definition of the resource. To make the use of extensions safe and manageable, there is a strict set of governance  applied to the definition and use of extensions. Though any implementer can define an extension, there is a set of requirements that SHALL be met as part of the definition of the extension.","There can be no stigma associated with the use of extensions by any application, project, or standard - regardless of the institution or jurisdiction that uses or defines the extensions.  The use of extensions is what allows the FHIR specification to retain a core level of simplicity for everyone.","","","","","","","","",,,,,"",,,,"DomainResource.extension",0,*,"","","N/A"
"ClaimResponse.modifierExtension","","extensions
user content","",0,*,"","Y","","Extension {[]} {[]}
","Extensions that cannot be ignored","May be used to represent additional information that is not part of the basic definition of the resource and that modifies the understanding of the element that contains it and/or the understanding of the containing element's descendants. Usually modifier elements provide negation or qualification. To make the use of extensions safe and manageable, there is a strict set of governance applied to the definition and use of extensions. Though any implementer is allowed to define an extension, there is a set of requirements that SHALL be met as part of the definition of the extension. Applications processing a resource are required to check for modifier extensions.

Modifier extensions SHALL NOT change the meaning of any elements on Resource or DomainResource (including cannot change the meaning of modifierExtension itself).","There can be no stigma associated with the use of extensions by any application, project, or standard - regardless of the institution or jurisdiction that uses or defines the extensions.  The use of extensions is what allows the FHIR specification to retain a core level of simplicity for everyone.","Modifier extensions allow for extensions that *cannot* be safely ignored to be clearly distinguished from the vast majority of extensions which can be safely ignored.  This promotes interoperability by eliminating the need for implementers to prohibit the presence of extensions. For further information, see the [definition of modifier extensions](http://hl7.org/fhir/R4/extensibility.html#modifierExtension).","","","","","","","",,,,,"",,,,"DomainResource.modifierExtension",0,*,"","","N/A"
"ClaimResponse.identifier","","","",0,*,"","","","Identifier {[]} {[]}
","Business Identifier for a claim response","A unique identifier assigned to this claim response.","","Allows claim responses to be distinguished and referenced.","","","","","","","",,,,,"",,,,"ClaimResponse.identifier",0,*,"","","Event.identifier","FiveWs.identifier"
"ClaimResponse.status","","","",1,1,"","Y","Y","code {[]} {[]}
","active | cancelled | draft | entered-in-error","The status of the resource instance.","This element is labeled as a modifier because the status contains codes that mark the resource as not currently valid.","Need to track the status of the resource as 'draft' resources may undergo further edits while 'active' resources are immutable and may only have their status changed to 'cancelled'.","","","","","","","",,"required","A code specifying the state of the resource instance.","http://hl7.org/fhir/ValueSet/fm-status|4.0.0","",,,,"ClaimResponse.status",1,1,"","","Event.status","FiveWs.status"
"ClaimResponse.type","","","",1,1,"","","Y","CodeableConcept {[]} {[]}
","More granular claim type","A finer grained suite of claim type codes which may convey additional information such as Inpatient vs Outpatient and/or a specialty service.","This may contain the local bill type codes, for example the US UB-04 bill type code or the CMS bill type.","Some jurisdictions need a finer grained claim type for routing and adjudication.","","","","","","","",,"extensible","The type or discipline-style of the claim.","http://hl7.org/fhir/ValueSet/claim-type","",,,,"ClaimResponse.type",1,1,"","","FiveWs.class"
"ClaimResponse.subType","","","",0,1,"","","","CodeableConcept {[]} {[]}
","More granular claim type","A finer grained suite of claim type codes which may convey additional information such as Inpatient vs Outpatient and/or a specialty service.","This may contain the local bill type codes, for example the US UB-04 bill type code or the CMS bill type.","Some jurisdictions need a finer grained claim type for routing and adjudication.","","","","","","","",,"example","A more granular claim typecode.","http://hl7.org/fhir/ValueSet/claim-subtype","",,,,"ClaimResponse.subType",0,1,"","","FiveWs.class"
"ClaimResponse.use","","","",1,1,"","","Y","code {[]} {[]}
","claim | preauthorization | predetermination","A code to indicate whether the nature of the request is: to request adjudication of products and services previously rendered; or requesting authorization and adjudication for provision in the future; or requesting the non-binding adjudication of the listed products and services which could be provided in the future.","","This element is required to understand the nature of the request for adjudication.","","","","","","","",,"required","Claim, preauthorization, predetermination.","http://hl7.org/fhir/ValueSet/claim-use|4.0.0","",,,,"ClaimResponse.use",1,1,"","","FiveWs.class"
"ClaimResponse.patient","","","",1,1,"","","Y","Reference {[]} {[CanonicalType[http://hl7.org/fhir/StructureDefinition/Patient]]}
","The recipient of the products and services","The party to whom the professional services and/or products have been supplied or are being considered and for whom actual for facast reimbursement is sought.","","The patient must be supplied to the insurer so that confirmation of coverage and service hstory may be considered as part of the authorization and/or adjudiction.","","","","","","","",,,,,"",,,,"ClaimResponse.patient",1,1,"","","FiveWs.subject[x]","FiveWs.subject"
"ClaimResponse.created","","","",1,1,"","","Y","dateTime {[]} {[]}
","Response creation date","The date this resource was created.","","Need to record a timestamp for use by both the recipient and the issuer.","","","","","","","",,,,,"",,,,"ClaimResponse.created",1,1,"","","Event.occurrence[x]","FiveWs.recorded"
"ClaimResponse.insurer","","","",1,1,"","","Y","Reference {[]} {[CanonicalType[http://hl7.org/fhir/StructureDefinition/Organization]]}
","Party responsible for reimbursement","The party responsible for authorization, adjudication and reimbursement.","","To be a valid claim, preauthorization or predetermination there must be a party who is responsible for adjudicating the contents against a policy which provides benefits for the patient.","","","","","","","",,,,,"",,,,"ClaimResponse.insurer",1,1,"","","Event.performer"
"ClaimResponse.requestor","","","",0,1,"","","","Reference {[]} {[CanonicalType[http://hl7.org/fhir/StructureDefinition/Practitioner], CanonicalType[http://hl7.org/fhir/StructureDefinition/PractitionerRole], CanonicalType[http://hl7.org/fhir/StructureDefinition/Organization]]}
","Party responsible for the claim","The provider which is responsible for the claim, predetermination or preauthorization.","Typically this field would be 1..1 where this party is responsible for the claim but not necessarily professionally responsible for the provision of the individual products and services listed below.","","","","","","","","",,,,,"",,,,"ClaimResponse.requestor",0,1,"","","FiveWs.source"
"ClaimResponse.request","","","",0,1,"","","Y","Reference {[]} {[CanonicalType[http://hl7.org/fhir/StructureDefinition/Claim]]}
","Id of resource triggering adjudication","Original request resource reference.","","","","","","","","","",,,,,"",,,,"ClaimResponse.request",0,1,"","","Event.basedOn","FiveWs.why[x]"
"ClaimResponse.outcome","","","",1,1,"","","Y","code {[]} {[]}
","queued | complete | error | partial","The outcome of the claim, predetermination, or preauthorization processing.","The resource may be used to indicate that: the request has been held (queued) for processing; that it has been processed and errors found (error); that no errors were found and that some of the adjudication has been undertaken (partial) or that all of the adjudication has been undertaken (complete).","To advise the requestor of an overall processing outcome.","","","","","","","",,"required","The result of the claim processing.","http://hl7.org/fhir/ValueSet/remittance-outcome|4.0.0","",,,,"ClaimResponse.outcome",1,1,"",""
"ClaimResponse.disposition","","","",0,1,"","","","string {[]} {[]}
","Disposition Message","A human readable description of the status of the adjudication.","","Provided for user display.","","","","","","","",,,,,"",,,,"ClaimResponse.disposition",0,1,"","","Event.note"
"ClaimResponse.preAuthRef","","","",0,1,"","","","string {[]} {[]}
","Preauthorization reference","Reference from the Insurer which is used in later communications which refers to this adjudication.","This value is only present on preauthorization adjudications.","On subsequent claims, the insurer may require the provider to quote this value.","","","","","","","",,,,,"",,,,"ClaimResponse.preAuthRef",0,1,"",""
"ClaimResponse.preAuthPeriod","","","",0,1,"","","","Period {[]} {[]}
","Preauthorization reference effective period","The time frame during which this authorization is effective.","","To convey to the provider when the authorized products and services must be supplied for the authorized adjudication to apply.","","","","","","","",,,,,"",,,,"ClaimResponse.preAuthPeriod",0,1,"",""
"ClaimResponse.payeeType","","","",0,1,"","","","CodeableConcept {[]} {[]}
","Party to be paid any benefits payable","Type of Party to be reimbursed: subscriber, provider, other.","","Need to know who should receive payment with the most common situations being the Provider (assignment of benefits) or the Subscriber.","","","","","","","",,"example","A code for the party to be reimbursed.","http://hl7.org/fhir/ValueSet/payeetype","",,,,"ClaimResponse.payeeType",0,1,"",""
"ClaimResponse.item","","","",0,*,"","","","BackboneElement {[]} {[]}
","Adjudication for claim line items","A claim line. Either a simple (a product or service) or a 'group' of details which can also be a simple items or groups of sub-details.","","The adjudication for items provided on the claim.","","","","","","","",,,,,"",,,,"ClaimResponse.item",0,*,"","ele-1:All FHIR elements must have a @value or children {hasValue() or (children().count() > id.count())}
"
"ClaimResponse.item.id","","","",0,1,"","","","string {[]} {[]}
","Unique id for inter-element referencing","Unique id for the element within a resource (for internal references). This may be any string value that does not contain spaces.","","","","","","","","","",,,,,"",,,,"Element.id",0,1,"","","n/a"
"ClaimResponse.item.extension","","extensions
user content","",0,*,"","","","Extension {[]} {[]}
","Additional content defined by implementations","May be used to represent additional information that is not part of the basic definition of the element. To make the use of extensions safe and manageable, there is a strict set of governance  applied to the definition and use of extensions. Though any implementer can define an extension, there is a set of requirements that SHALL be met as part of the definition of the extension.","There can be no stigma associated with the use of extensions by any application, project, or standard - regardless of the institution or jurisdiction that uses or defines the extensions.  The use of extensions is what allows the FHIR specification to retain a core level of simplicity for everyone.","","","","","","","","",,,,,"",,,,"Element.extension",0,*,"","","n/a"
"ClaimResponse.item.modifierExtension","","extensions
user contentmodifiers","",0,*,"","Y","Y","Extension {[]} {[]}
","Extensions that cannot be ignored even if unrecognized","May be used to represent additional information that is not part of the basic definition of the element and that modifies the understanding of the element in which it is contained and/or the understanding of the containing element's descendants. Usually modifier elements provide negation or qualification. To make the use of extensions safe and manageable, there is a strict set of governance applied to the definition and use of extensions. Though any implementer can define an extension, there is a set of requirements that SHALL be met as part of the definition of the extension. Applications processing a resource are required to check for modifier extensions.

Modifier extensions SHALL NOT change the meaning of any elements on Resource or DomainResource (including cannot change the meaning of modifierExtension itself).","There can be no stigma associated with the use of extensions by any application, project, or standard - regardless of the institution or jurisdiction that uses or defines the extensions.  The use of extensions is what allows the FHIR specification to retain a core level of simplicity for everyone.","Modifier extensions allow for extensions that *cannot* be safely ignored to be clearly distinguished from the vast majority of extensions which can be safely ignored.  This promotes interoperability by eliminating the need for implementers to prohibit the presence of extensions. For further information, see the [definition of modifier extensions](http://hl7.org/fhir/R4/extensibility.html#modifierExtension).","","","","","","","",,,,,"",,,,"BackboneElement.modifierExtension",0,*,"","","N/A"
"ClaimResponse.item.itemSequence","","","",1,1,"","","","positiveInt {[]} {[]}
","Claim item instance identifier","A number to uniquely reference the claim item entries.","","Necessary to provide a mechanism to link the adjudication result to the submitted claim item.","","","","","","","",,,,,"",,,,"ClaimResponse.item.itemSequence",1,1,"",""
"ClaimResponse.item.noteNumber","","","",0,*,"","","","positiveInt {[]} {[]}
","Applicable note numbers","The numbers associated with notes below which apply to the adjudication of this item.","","Provides a condensed manner for associating human readable descriptive explanations for adjudications on the line item.","","","","","","","",,,,,"",,,,"ClaimResponse.item.noteNumber",0,*,"",""
"ClaimResponse.item.adjudication","","","",1,*,"","","","BackboneElement {[]} {[]}
","Adjudication details","If this item is a group then the values here are a summary of the adjudication of the detail items. If this item is a simple product or service then this is the result of the adjudication of this item.","","The adjudication results conveys the insurer's assessment of the item provided in the claim under the terms of the patient's insurance coverage.","","","","","","","",,,,,"",,,,"ClaimResponse.item.adjudication",1,*,"","ele-1:All FHIR elements must have a @value or children {hasValue() or (children().count() > id.count())}
"
"ClaimResponse.item.adjudication.id","","","",0,1,"","","","string {[]} {[]}
","Unique id for inter-element referencing","Unique id for the element within a resource (for internal references). This may be any string value that does not contain spaces.","","","","","","","","","",,,,,"",,,,"Element.id",0,1,"","","n/a"
"ClaimResponse.item.adjudication.extension","","extensions
user content","",0,*,"","","","Extension {[]} {[]}
","Additional content defined by implementations","May be used to represent additional information that is not part of the basic definition of the element. To make the use of extensions safe and manageable, there is a strict set of governance  applied to the definition and use of extensions. Though any implementer can define an extension, there is a set of requirements that SHALL be met as part of the definition of the extension.","There can be no stigma associated with the use of extensions by any application, project, or standard - regardless of the institution or jurisdiction that uses or defines the extensions.  The use of extensions is what allows the FHIR specification to retain a core level of simplicity for everyone.","","","","","","","","",,,,,"",,,,"Element.extension",0,*,"","","n/a"
"ClaimResponse.item.adjudication.modifierExtension","","extensions
user contentmodifiers","",0,*,"","Y","Y","Extension {[]} {[]}
","Extensions that cannot be ignored even if unrecognized","May be used to represent additional information that is not part of the basic definition of the element and that modifies the understanding of the element in which it is contained and/or the understanding of the containing element's descendants. Usually modifier elements provide negation or qualification. To make the use of extensions safe and manageable, there is a strict set of governance applied to the definition and use of extensions. Though any implementer can define an extension, there is a set of requirements that SHALL be met as part of the definition of the extension. Applications processing a resource are required to check for modifier extensions.

Modifier extensions SHALL NOT change the meaning of any elements on Resource or DomainResource (including cannot change the meaning of modifierExtension itself).","There can be no stigma associated with the use of extensions by any application, project, or standard - regardless of the institution or jurisdiction that uses or defines the extensions.  The use of extensions is what allows the FHIR specification to retain a core level of simplicity for everyone.","Modifier extensions allow for extensions that *cannot* be safely ignored to be clearly distinguished from the vast majority of extensions which can be safely ignored.  This promotes interoperability by eliminating the need for implementers to prohibit the presence of extensions. For further information, see the [definition of modifier extensions](http://hl7.org/fhir/R4/extensibility.html#modifierExtension).","","","","","","","",,,,,"",,,,"BackboneElement.modifierExtension",0,*,"","","N/A"
"ClaimResponse.item.adjudication.category","","","",1,1,"","","","CodeableConcept {[]} {[]}
","Type of adjudication information","A code to indicate the information type of this adjudication record. Information types may include the value submitted, maximum values or percentages allowed or payable under the plan, amounts that: the patient is responsible for in aggregate or pertaining to this item; amounts paid by other coverages; and, the benefit payable for this item.","For example codes indicating: Co-Pay, deductible, eligible, benefit, tax, etc.","Needed to enable understanding of the context of the other information in the adjudication.","","","","","","","",,"example","The adjudication codes.","http://hl7.org/fhir/ValueSet/adjudication","",,,,"ClaimResponse.item.adjudication.category",1,1,"",""
"ClaimResponse.item.adjudication.reason","","","",0,1,"","","","CodeableConcept {[]} {[]}
","Explanation of adjudication outcome","A code supporting the understanding of the adjudication result and explaining variance from expected amount.","For example may indicate that the funds for this benefit type have been exhausted.","To support understanding of variance from adjudication expectations.","","","","","","","",,"example","The adjudication reason codes.","http://hl7.org/fhir/ValueSet/adjudication-reason","",,,,"ClaimResponse.item.adjudication.reason",0,1,"",""
"ClaimResponse.item.adjudication.amount","","","",0,1,"","","","Money {[]} {[]}
","Monetary amount","Monetary amount associated with the category.","For example: amount submitted, eligible amount, co-payment, and benefit payable.","Most adjuciation categories convey a monetary amount.","","","","","","","",,,,,"",,,,"ClaimResponse.item.adjudication.amount",0,1,"",""
"ClaimResponse.item.adjudication.value","","","",0,1,"","","","decimal {[]} {[]}
","Non-monetary value","A non-monetary value associated with the category. Mutually exclusive to the amount element above.","For example: eligible percentage or co-payment percentage.","Some adjudication categories convey a percentage or a fixed value.","","","","","","","",,,,,"",,,,"ClaimResponse.item.adjudication.value",0,1,"",""
"ClaimResponse.item.detail","","","",0,*,"","","","BackboneElement {[]} {[]}
","Adjudication for claim details","A claim detail. Either a simple (a product or service) or a 'group' of sub-details which are simple items.","","The adjudication for details provided on the claim.","","","","","","","",,,,,"",,,,"ClaimResponse.item.detail",0,*,"","ele-1:All FHIR elements must have a @value or children {hasValue() or (children().count() > id.count())}
"
"ClaimResponse.item.detail.id","","","",0,1,"","","","string {[]} {[]}
","Unique id for inter-element referencing","Unique id for the element within a resource (for internal references). This may be any string value that does not contain spaces.","","","","","","","","","",,,,,"",,,,"Element.id",0,1,"","","n/a"
"ClaimResponse.item.detail.extension","","extensions
user content","",0,*,"","","","Extension {[]} {[]}
","Additional content defined by implementations","May be used to represent additional information that is not part of the basic definition of the element. To make the use of extensions safe and manageable, there is a strict set of governance  applied to the definition and use of extensions. Though any implementer can define an extension, there is a set of requirements that SHALL be met as part of the definition of the extension.","There can be no stigma associated with the use of extensions by any application, project, or standard - regardless of the institution or jurisdiction that uses or defines the extensions.  The use of extensions is what allows the FHIR specification to retain a core level of simplicity for everyone.","","","","","","","","",,,,,"",,,,"Element.extension",0,*,"","","n/a"
"ClaimResponse.item.detail.modifierExtension","","extensions
user contentmodifiers","",0,*,"","Y","Y","Extension {[]} {[]}
","Extensions that cannot be ignored even if unrecognized","May be used to represent additional information that is not part of the basic definition of the element and that modifies the understanding of the element in which it is contained and/or the understanding of the containing element's descendants. Usually modifier elements provide negation or qualification. To make the use of extensions safe and manageable, there is a strict set of governance applied to the definition and use of extensions. Though any implementer can define an extension, there is a set of requirements that SHALL be met as part of the definition of the extension. Applications processing a resource are required to check for modifier extensions.

Modifier extensions SHALL NOT change the meaning of any elements on Resource or DomainResource (including cannot change the meaning of modifierExtension itself).","There can be no stigma associated with the use of extensions by any application, project, or standard - regardless of the institution or jurisdiction that uses or defines the extensions.  The use of extensions is what allows the FHIR specification to retain a core level of simplicity for everyone.","Modifier extensions allow for extensions that *cannot* be safely ignored to be clearly distinguished from the vast majority of extensions which can be safely ignored.  This promotes interoperability by eliminating the need for implementers to prohibit the presence of extensions. For further information, see the [definition of modifier extensions](http://hl7.org/fhir/R4/extensibility.html#modifierExtension).","","","","","","","",,,,,"",,,,"BackboneElement.modifierExtension",0,*,"","","N/A"
"ClaimResponse.item.detail.detailSequence","","","",1,1,"","","","positiveInt {[]} {[]}
","Claim detail instance identifier","A number to uniquely reference the claim detail entry.","","Necessary to provide a mechanism to link the adjudication result to the submitted claim detail.","","","","","","","",,,,,"",,,,"ClaimResponse.item.detail.detailSequence",1,1,"",""
"ClaimResponse.item.detail.noteNumber","","","",0,*,"","","","positiveInt {[]} {[]}
","Applicable note numbers","The numbers associated with notes below which apply to the adjudication of this item.","","Provides a condensed manner for associating human readable descriptive explanations for adjudications on the line item.","","","","","","","",,,,,"",,,,"ClaimResponse.item.detail.noteNumber",0,*,"",""
"ClaimResponse.item.detail.adjudication","","","",1,*,"","","","","Detail level adjudication details","The adjudication results.","","","","","","","","","",,,,,"",,,,"ClaimResponse.item.detail.adjudication",1,*,"",""
"ClaimResponse.item.detail.subDetail","","","",0,*,"","","","BackboneElement {[]} {[]}
","Adjudication for claim sub-details","A sub-detail adjudication of a simple product or service.","","The adjudication for sub-details provided on the claim.","","","","","","","",,,,,"",,,,"ClaimResponse.item.detail.subDetail",0,*,"","ele-1:All FHIR elements must have a @value or children {hasValue() or (children().count() > id.count())}
"
"ClaimResponse.item.detail.subDetail.id","","","",0,1,"","","","string {[]} {[]}
","Unique id for inter-element referencing","Unique id for the element within a resource (for internal references). This may be any string value that does not contain spaces.","","","","","","","","","",,,,,"",,,,"Element.id",0,1,"","","n/a"
"ClaimResponse.item.detail.subDetail.extension","","extensions
user content","",0,*,"","","","Extension {[]} {[]}
","Additional content defined by implementations","May be used to represent additional information that is not part of the basic definition of the element. To make the use of extensions safe and manageable, there is a strict set of governance  applied to the definition and use of extensions. Though any implementer can define an extension, there is a set of requirements that SHALL be met as part of the definition of the extension.","There can be no stigma associated with the use of extensions by any application, project, or standard - regardless of the institution or jurisdiction that uses or defines the extensions.  The use of extensions is what allows the FHIR specification to retain a core level of simplicity for everyone.","","","","","","","","",,,,,"",,,,"Element.extension",0,*,"","","n/a"
"ClaimResponse.item.detail.subDetail.modifierExtension","","extensions
user contentmodifiers","",0,*,"","Y","Y","Extension {[]} {[]}
","Extensions that cannot be ignored even if unrecognized","May be used to represent additional information that is not part of the basic definition of the element and that modifies the understanding of the element in which it is contained and/or the understanding of the containing element's descendants. Usually modifier elements provide negation or qualification. To make the use of extensions safe and manageable, there is a strict set of governance applied to the definition and use of extensions. Though any implementer can define an extension, there is a set of requirements that SHALL be met as part of the definition of the extension. Applications processing a resource are required to check for modifier extensions.

Modifier extensions SHALL NOT change the meaning of any elements on Resource or DomainResource (including cannot change the meaning of modifierExtension itself).","There can be no stigma associated with the use of extensions by any application, project, or standard - regardless of the institution or jurisdiction that uses or defines the extensions.  The use of extensions is what allows the FHIR specification to retain a core level of simplicity for everyone.","Modifier extensions allow for extensions that *cannot* be safely ignored to be clearly distinguished from the vast majority of extensions which can be safely ignored.  This promotes interoperability by eliminating the need for implementers to prohibit the presence of extensions. For further information, see the [definition of modifier extensions](http://hl7.org/fhir/R4/extensibility.html#modifierExtension).","","","","","","","",,,,,"",,,,"BackboneElement.modifierExtension",0,*,"","","N/A"
"ClaimResponse.item.detail.subDetail.subDetailSequence","","","",1,1,"","","","positiveInt {[]} {[]}
","Claim sub-detail instance identifier","A number to uniquely reference the claim sub-detail entry.","","Necessary to provide a mechanism to link the adjudication result to the submitted claim sub-detail.","","","","","","","",,,,,"",,,,"ClaimResponse.item.detail.subDetail.subDetailSequence",1,1,"",""
"ClaimResponse.item.detail.subDetail.noteNumber","","","",0,*,"","","","positiveInt {[]} {[]}
","Applicable note numbers","The numbers associated with notes below which apply to the adjudication of this item.","","Provides a condensed manner for associating human readable descriptive explanations for adjudications on the line item.","","","","","","","",,,,,"",,,,"ClaimResponse.item.detail.subDetail.noteNumber",0,*,"",""
"ClaimResponse.item.detail.subDetail.adjudication","","","",0,*,"","","","","Subdetail level adjudication details","The adjudication results.","","","","","","","","","",,,,,"",,,,"ClaimResponse.item.detail.subDetail.adjudication",0,*,"",""
"ClaimResponse.addItem","","","",0,*,"","","","BackboneElement {[]} {[]}
","Insurer added line items","The first-tier service adjudications for payor added product or service lines.","","Insurers may redefine the provided product or service or may package and/or decompose groups of products and services. The addItems allows the insurer to provide their line item list with linkage to the submitted items/details/sub-details. In a preauthorization the insurer may use the addItem structure to provide additional information on authorized products and services.","","","","","","","",,,,,"",,,,"ClaimResponse.addItem",0,*,"","ele-1:All FHIR elements must have a @value or children {hasValue() or (children().count() > id.count())}
"
"ClaimResponse.addItem.id","","","",0,1,"","","","string {[]} {[]}
","Unique id for inter-element referencing","Unique id for the element within a resource (for internal references). This may be any string value that does not contain spaces.","","","","","","","","","",,,,,"",,,,"Element.id",0,1,"","","n/a"
"ClaimResponse.addItem.extension","","extensions
user content","",0,*,"","","","Extension {[]} {[]}
","Additional content defined by implementations","May be used to represent additional information that is not part of the basic definition of the element. To make the use of extensions safe and manageable, there is a strict set of governance  applied to the definition and use of extensions. Though any implementer can define an extension, there is a set of requirements that SHALL be met as part of the definition of the extension.","There can be no stigma associated with the use of extensions by any application, project, or standard - regardless of the institution or jurisdiction that uses or defines the extensions.  The use of extensions is what allows the FHIR specification to retain a core level of simplicity for everyone.","","","","","","","","",,,,,"",,,,"Element.extension",0,*,"","","n/a"
"ClaimResponse.addItem.modifierExtension","","extensions
user contentmodifiers","",0,*,"","Y","Y","Extension {[]} {[]}
","Extensions that cannot be ignored even if unrecognized","May be used to represent additional information that is not part of the basic definition of the element and that modifies the understanding of the element in which it is contained and/or the understanding of the containing element's descendants. Usually modifier elements provide negation or qualification. To make the use of extensions safe and manageable, there is a strict set of governance applied to the definition and use of extensions. Though any implementer can define an extension, there is a set of requirements that SHALL be met as part of the definition of the extension. Applications processing a resource are required to check for modifier extensions.

Modifier extensions SHALL NOT change the meaning of any elements on Resource or DomainResource (including cannot change the meaning of modifierExtension itself).","There can be no stigma associated with the use of extensions by any application, project, or standard - regardless of the institution or jurisdiction that uses or defines the extensions.  The use of extensions is what allows the FHIR specification to retain a core level of simplicity for everyone.","Modifier extensions allow for extensions that *cannot* be safely ignored to be clearly distinguished from the vast majority of extensions which can be safely ignored.  This promotes interoperability by eliminating the need for implementers to prohibit the presence of extensions. For further information, see the [definition of modifier extensions](http://hl7.org/fhir/R4/extensibility.html#modifierExtension).","","","","","","","",,,,,"",,,,"BackboneElement.modifierExtension",0,*,"","","N/A"
"ClaimResponse.addItem.itemSequence","","","",0,*,"","","","positiveInt {[]} {[]}
","Item sequence number","Claim items which this service line is intended to replace.","","Provides references to the claim items.","","","","","","","",,,,,"",,,,"ClaimResponse.addItem.itemSequence",0,*,"",""
"ClaimResponse.addItem.detailSequence","","","",0,*,"","","","positiveInt {[]} {[]}
","Detail sequence number","The sequence number of the details within the claim item which this line is intended to replace.","","Provides references to the claim details within the claim item.","","","","","","","",,,,,"",,,,"ClaimResponse.addItem.detailSequence",0,*,"",""
"ClaimResponse.addItem.subdetailSequence","","","",0,*,"","","","positiveInt {[]} {[]}
","Subdetail sequence number","The sequence number of the sub-details within the details within the claim item which this line is intended to replace.","","Provides references to the claim sub-details within the claim detail.","","","","","","","",,,,,"",,,,"ClaimResponse.addItem.subdetailSequence",0,*,"",""
"ClaimResponse.addItem.provider","","","",0,*,"","","","Reference {[]} {[CanonicalType[http://hl7.org/fhir/StructureDefinition/Practitioner], CanonicalType[http://hl7.org/fhir/StructureDefinition/PractitionerRole], CanonicalType[http://hl7.org/fhir/StructureDefinition/Organization]]}
","Authorized providers","The providers who are authorized for the services rendered to the patient.","","Insurer may provide authorization specifically to a restricted set of providers rather than an open authorization.","","","","","","","",,,,,"",,,,"ClaimResponse.addItem.provider",0,*,"","","FiveWs.source"
"ClaimResponse.addItem.productOrService","","","",1,1,"","","","CodeableConcept {[]} {[]}
","Billing, service, product, or drug code","When the value is a group code then this item collects a set of related claim details, otherwise this contains the product, service, drug or other billing code for the item.","If this is an actual service or product line, i.e. not a Group, then use code to indicate the Professional Service or Product supplied (e.g. CTP, HCPCS, USCLS, ICD10, NCPDP, DIN, RxNorm, ACHI, CCI). If a grouping item then use a group code to indicate the type of thing being grouped e.g. 'glasses' or 'compound'.","Necessary to state what was provided or done.","","","","","","","",,"example","Allowable service and product codes.","http://hl7.org/fhir/ValueSet/service-uscls","",,,,"ClaimResponse.addItem.productOrService",1,1,"",""
"ClaimResponse.addItem.modifier","","","",0,*,"","","","CodeableConcept {[]} {[]}
","Service/Product billing modifiers","Item typification or modifiers codes to convey additional context for the product or service.","For example in Oral whether the treatment is cosmetic or associated with TMJ, or for Medical whether the treatment was outside the clinic or outside of office hours.","To support inclusion of the item for adjudication or to charge an elevated fee.","","","","","","","",,"example","Item type or modifiers codes, eg for Oral whether the treatment is cosmetic or associated with TMJ, or an appliance was lost or stolen.","http://hl7.org/fhir/ValueSet/claim-modifiers","",,,,"ClaimResponse.addItem.modifier",0,*,"","","24.C, 24.D mods"
"ClaimResponse.addItem.programCode","","","",0,*,"","","","CodeableConcept {[]} {[]}
","Program the product or service is provided under","Identifies the program under which this may be recovered.","For example: Neonatal program, child dental program or drug users recovery program.","Commonly used in in the identification of publicly provided program focused on population segments or disease classifications.","","","","","","","",,"example","Program specific reason codes.","http://hl7.org/fhir/ValueSet/ex-program-code","",,,,"ClaimResponse.addItem.programCode",0,*,"","","24.H"
"ClaimResponse.addItem.serviced[x]","","","",0,1,"","","","date {[]} {[]}
Period {[]} {[]}","Date or dates of service or product delivery","The date or dates when the service or product was supplied, performed or completed.","","Needed to determine whether the  service or product was provided during the term of the insurance coverage.","","","","","","","",,,,,"",,,,"ClaimResponse.addItem.serviced[x]",0,1,"","","FiveWs.done[x]","24.A"
"ClaimResponse.addItem.location[x]","","","",0,1,"","","","CodeableConcept {[]} {[]}
Address {[]} {[]}Reference {[]} {[CanonicalType[http://hl7.org/fhir/StructureDefinition/Location]]}","Place of service or where product was supplied","Where the product or service was provided.","","The location can alter whether the item was acceptable for insurance purposes or impact the determination of the benefit amount.","","","","","","","",,"example","Place of service: pharmacy, school, prison, etc.","http://hl7.org/fhir/ValueSet/service-place","",,,,"ClaimResponse.addItem.location[x]",0,1,"","","FiveWs.where[x]","24.B"
"ClaimResponse.addItem.quantity","","","",0,1,"","","","Quantity {[CanonicalType[http://hl7.org/fhir/StructureDefinition/SimpleQuantity]]} {[]}
","Count of products or services","The number of repetitions of a service or product.","","Required when the product or service code does not convey the quantity provided.","","","","","","","",,,,,"",,,,"ClaimResponse.addItem.quantity",0,1,"","","24.G"
"ClaimResponse.addItem.unitPrice","","","",0,1,"","","","Money {[]} {[]}
","Fee, charge or cost per item","If the item is not a group then this is the fee for the product or service, otherwise this is the total of the fees for the details of the group.","","The amount charged to the patient by the provider for a single unit.","","","","","","","",,,,,"",,,,"ClaimResponse.addItem.unitPrice",0,1,"",""
"ClaimResponse.addItem.factor","","","",0,1,"","","","decimal {[]} {[]}
","Price scaling factor","A real number that represents a multiplier used in determining the overall value of services delivered and/or goods received. The concept of a Factor allows for a discount or surcharge multiplier to be applied to a monetary amount.","To show a 10% senior's discount, the value entered is: 0.90 (1.00 - 0.10).","When discounts are provided to a patient (example: Senior's discount) then this must be documented for adjudication.","","","","","","","",,,,,"",,,,"ClaimResponse.addItem.factor",0,1,"",""
"ClaimResponse.addItem.net","","","",0,1,"","","","Money {[]} {[]}
","Total item cost","The quantity times the unit price for an additional service or product or charge.","For example, the formula: quantity * unitPrice * factor  = net. Quantity and factor are assumed to be 1 if not supplied.","Provides the total amount claimed  for the group (if a grouper) or the line item.","","","","","","","",,,,,"",,,,"ClaimResponse.addItem.net",0,1,"","","24.F"
"ClaimResponse.addItem.bodySite","","","",0,1,"","","","CodeableConcept {[]} {[]}
","Anatomical location","Physical service site on the patient (limb, tooth, etc.).","For example: Providing a tooth code allows an insurer to identify a provider performing a filling on a tooth that was previously removed.","Allows insurer to validate specific procedures.","","","","","","","",,"example","The code for the teeth, quadrant, sextant and arch.","http://hl7.org/fhir/ValueSet/tooth","",,,,"ClaimResponse.addItem.bodySite",0,1,"",""
"ClaimResponse.addItem.subSite","","","",0,*,"","","","CodeableConcept {[]} {[]}
","Anatomical sub-location","A region or surface of the bodySite, e.g. limb region or tooth surface(s).","","Allows insurer to validate specific procedures.","","","","","","","",,"example","The code for the tooth surface and surface combinations.","http://hl7.org/fhir/ValueSet/surface","",,,,"ClaimResponse.addItem.subSite",0,*,"",""
"ClaimResponse.addItem.noteNumber","","","",0,*,"","","","positiveInt {[]} {[]}
","Applicable note numbers","The numbers associated with notes below which apply to the adjudication of this item.","","Provides a condensed manner for associating human readable descriptive explanations for adjudications on the line item.","","","","","","","",,,,,"",,,,"ClaimResponse.addItem.noteNumber",0,*,"",""
"ClaimResponse.addItem.adjudication","","","",1,*,"","","","","Added items adjudication","The adjudication results.","","","","","","","","","",,,,,"",,,,"ClaimResponse.addItem.adjudication",1,*,"",""
"ClaimResponse.addItem.detail","","","",0,*,"","","","BackboneElement {[]} {[]}
","Insurer added line details","The second-tier service adjudications for payor added services.","","","","","","","","","",,,,,"",,,,"ClaimResponse.addItem.detail",0,*,"","ele-1:All FHIR elements must have a @value or children {hasValue() or (children().count() > id.count())}
"
"ClaimResponse.addItem.detail.id","","","",0,1,"","","","string {[]} {[]}
","Unique id for inter-element referencing","Unique id for the element within a resource (for internal references). This may be any string value that does not contain spaces.","","","","","","","","","",,,,,"",,,,"Element.id",0,1,"","","n/a"
"ClaimResponse.addItem.detail.extension","","extensions
user content","",0,*,"","","","Extension {[]} {[]}
","Additional content defined by implementations","May be used to represent additional information that is not part of the basic definition of the element. To make the use of extensions safe and manageable, there is a strict set of governance  applied to the definition and use of extensions. Though any implementer can define an extension, there is a set of requirements that SHALL be met as part of the definition of the extension.","There can be no stigma associated with the use of extensions by any application, project, or standard - regardless of the institution or jurisdiction that uses or defines the extensions.  The use of extensions is what allows the FHIR specification to retain a core level of simplicity for everyone.","","","","","","","","",,,,,"",,,,"Element.extension",0,*,"","","n/a"
"ClaimResponse.addItem.detail.modifierExtension","","extensions
user contentmodifiers","",0,*,"","Y","Y","Extension {[]} {[]}
","Extensions that cannot be ignored even if unrecognized","May be used to represent additional information that is not part of the basic definition of the element and that modifies the understanding of the element in which it is contained and/or the understanding of the containing element's descendants. Usually modifier elements provide negation or qualification. To make the use of extensions safe and manageable, there is a strict set of governance applied to the definition and use of extensions. Though any implementer can define an extension, there is a set of requirements that SHALL be met as part of the definition of the extension. Applications processing a resource are required to check for modifier extensions.

Modifier extensions SHALL NOT change the meaning of any elements on Resource or DomainResource (including cannot change the meaning of modifierExtension itself).","There can be no stigma associated with the use of extensions by any application, project, or standard - regardless of the institution or jurisdiction that uses or defines the extensions.  The use of extensions is what allows the FHIR specification to retain a core level of simplicity for everyone.","Modifier extensions allow for extensions that *cannot* be safely ignored to be clearly distinguished from the vast majority of extensions which can be safely ignored.  This promotes interoperability by eliminating the need for implementers to prohibit the presence of extensions. For further information, see the [definition of modifier extensions](http://hl7.org/fhir/R4/extensibility.html#modifierExtension).","","","","","","","",,,,,"",,,,"BackboneElement.modifierExtension",0,*,"","","N/A"
"ClaimResponse.addItem.detail.productOrService","","","",1,1,"","","","CodeableConcept {[]} {[]}
","Billing, service, product, or drug code","When the value is a group code then this item collects a set of related claim details, otherwise this contains the product, service, drug or other billing code for the item.","If this is an actual service or product line, i.e. not a Group, then use code to indicate the Professional Service or Product supplied (e.g. CTP, HCPCS, USCLS, ICD10, NCPDP, DIN, RxNorm, ACHI, CCI). If a grouping item then use a group code to indicate the type of thing being grouped e.g. 'glasses' or 'compound'.","Necessary to state what was provided or done.","","","","","","","",,"example","Allowable service and product codes.","http://hl7.org/fhir/ValueSet/service-uscls","",,,,"ClaimResponse.addItem.detail.productOrService",1,1,"",""
"ClaimResponse.addItem.detail.modifier","","","",0,*,"","","","CodeableConcept {[]} {[]}
","Service/Product billing modifiers","Item typification or modifiers codes to convey additional context for the product or service.","For example in Oral whether the treatment is cosmetic or associated with TMJ, or for Medical whether the treatment was outside the clinic or outside of office hours.","To support inclusion of the item for adjudication or to charge an elevated fee.","","","","","","","",,"example","Item type or modifiers codes, eg for Oral whether the treatment is cosmetic or associated with TMJ, or an appliance was lost or stolen.","http://hl7.org/fhir/ValueSet/claim-modifiers","",,,,"ClaimResponse.addItem.detail.modifier",0,*,"","","24.C, 24.D mods"
"ClaimResponse.addItem.detail.quantity","","","",0,1,"","","","Quantity {[CanonicalType[http://hl7.org/fhir/StructureDefinition/SimpleQuantity]]} {[]}
","Count of products or services","The number of repetitions of a service or product.","","Required when the product or service code does not convey the quantity provided.","","","","","","","",,,,,"",,,,"ClaimResponse.addItem.detail.quantity",0,1,"","","24.G"
"ClaimResponse.addItem.detail.unitPrice","","","",0,1,"","","","Money {[]} {[]}
","Fee, charge or cost per item","If the item is not a group then this is the fee for the product or service, otherwise this is the total of the fees for the details of the group.","","The amount charged to the patient by the provider for a single unit.","","","","","","","",,,,,"",,,,"ClaimResponse.addItem.detail.unitPrice",0,1,"",""
"ClaimResponse.addItem.detail.factor","","","",0,1,"","","","decimal {[]} {[]}
","Price scaling factor","A real number that represents a multiplier used in determining the overall value of services delivered and/or goods received. The concept of a Factor allows for a discount or surcharge multiplier to be applied to a monetary amount.","To show a 10% senior's discount, the value entered is: 0.90 (1.00 - 0.10).","When discounts are provided to a patient (example: Senior's discount) then this must be documented for adjudication.","","","","","","","",,,,,"",,,,"ClaimResponse.addItem.detail.factor",0,1,"",""
"ClaimResponse.addItem.detail.net","","","",0,1,"","","","Money {[]} {[]}
","Total item cost","The quantity times the unit price for an additional service or product or charge.","For example, the formula: quantity * unitPrice * factor  = net. Quantity and factor are assumed to be 1 if not supplied.","Provides the total amount claimed  for the group (if a grouper) or the line item.","","","","","","","",,,,,"",,,,"ClaimResponse.addItem.detail.net",0,1,"","","24.F"
"ClaimResponse.addItem.detail.noteNumber","","","",0,*,"","","","positiveInt {[]} {[]}
","Applicable note numbers","The numbers associated with notes below which apply to the adjudication of this item.","","Provides a condensed manner for associating human readable descriptive explanations for adjudications on the line item.","","","","","","","",,,,,"",,,,"ClaimResponse.addItem.detail.noteNumber",0,*,"",""
"ClaimResponse.addItem.detail.adjudication","","","",1,*,"","","","","Added items detail adjudication","The adjudication results.","","","","","","","","","",,,,,"",,,,"ClaimResponse.addItem.detail.adjudication",1,*,"",""
"ClaimResponse.addItem.detail.subDetail","","","",0,*,"","","","BackboneElement {[]} {[]}
","Insurer added line items","The third-tier service adjudications for payor added services.","","","","","","","","","",,,,,"",,,,"ClaimResponse.addItem.detail.subDetail",0,*,"","ele-1:All FHIR elements must have a @value or children {hasValue() or (children().count() > id.count())}
"
"ClaimResponse.addItem.detail.subDetail.id","","","",0,1,"","","","string {[]} {[]}
","Unique id for inter-element referencing","Unique id for the element within a resource (for internal references). This may be any string value that does not contain spaces.","","","","","","","","","",,,,,"",,,,"Element.id",0,1,"","","n/a"
"ClaimResponse.addItem.detail.subDetail.extension","","extensions
user content","",0,*,"","","","Extension {[]} {[]}
","Additional content defined by implementations","May be used to represent additional information that is not part of the basic definition of the element. To make the use of extensions safe and manageable, there is a strict set of governance  applied to the definition and use of extensions. Though any implementer can define an extension, there is a set of requirements that SHALL be met as part of the definition of the extension.","There can be no stigma associated with the use of extensions by any application, project, or standard - regardless of the institution or jurisdiction that uses or defines the extensions.  The use of extensions is what allows the FHIR specification to retain a core level of simplicity for everyone.","","","","","","","","",,,,,"",,,,"Element.extension",0,*,"","","n/a"
"ClaimResponse.addItem.detail.subDetail.modifierExtension","","extensions
user contentmodifiers","",0,*,"","Y","Y","Extension {[]} {[]}
","Extensions that cannot be ignored even if unrecognized","May be used to represent additional information that is not part of the basic definition of the element and that modifies the understanding of the element in which it is contained and/or the understanding of the containing element's descendants. Usually modifier elements provide negation or qualification. To make the use of extensions safe and manageable, there is a strict set of governance applied to the definition and use of extensions. Though any implementer can define an extension, there is a set of requirements that SHALL be met as part of the definition of the extension. Applications processing a resource are required to check for modifier extensions.

Modifier extensions SHALL NOT change the meaning of any elements on Resource or DomainResource (including cannot change the meaning of modifierExtension itself).","There can be no stigma associated with the use of extensions by any application, project, or standard - regardless of the institution or jurisdiction that uses or defines the extensions.  The use of extensions is what allows the FHIR specification to retain a core level of simplicity for everyone.","Modifier extensions allow for extensions that *cannot* be safely ignored to be clearly distinguished from the vast majority of extensions which can be safely ignored.  This promotes interoperability by eliminating the need for implementers to prohibit the presence of extensions. For further information, see the [definition of modifier extensions](http://hl7.org/fhir/R4/extensibility.html#modifierExtension).","","","","","","","",,,,,"",,,,"BackboneElement.modifierExtension",0,*,"","","N/A"
"ClaimResponse.addItem.detail.subDetail.productOrService","","","",1,1,"","","","CodeableConcept {[]} {[]}
","Billing, service, product, or drug code","When the value is a group code then this item collects a set of related claim details, otherwise this contains the product, service, drug or other billing code for the item.","If this is an actual service or product line, i.e. not a Group, then use code to indicate the Professional Service or Product supplied (e.g. CTP, HCPCS, USCLS, ICD10, NCPDP, DIN, RxNorm, ACHI, CCI). If a grouping item then use a group code to indicate the type of thing being grouped e.g. 'glasses' or 'compound'.","Necessary to state what was provided or done.","","","","","","","",,"example","Allowable service and product codes.","http://hl7.org/fhir/ValueSet/service-uscls","",,,,"ClaimResponse.addItem.detail.subDetail.productOrService",1,1,"",""
"ClaimResponse.addItem.detail.subDetail.modifier","","","",0,*,"","","","CodeableConcept {[]} {[]}
","Service/Product billing modifiers","Item typification or modifiers codes to convey additional context for the product or service.","For example in Oral whether the treatment is cosmetic or associated with TMJ, or for Medical whether the treatment was outside the clinic or outside of office hours.","To support inclusion of the item for adjudication or to charge an elevated fee.","","","","","","","",,"example","Item type or modifiers codes, eg for Oral whether the treatment is cosmetic or associated with TMJ, or an appliance was lost or stolen.","http://hl7.org/fhir/ValueSet/claim-modifiers","",,,,"ClaimResponse.addItem.detail.subDetail.modifier",0,*,"","","24.C, 24.D mods"
"ClaimResponse.addItem.detail.subDetail.quantity","","","",0,1,"","","","Quantity {[CanonicalType[http://hl7.org/fhir/StructureDefinition/SimpleQuantity]]} {[]}
","Count of products or services","The number of repetitions of a service or product.","","Required when the product or service code does not convey the quantity provided.","","","","","","","",,,,,"",,,,"ClaimResponse.addItem.detail.subDetail.quantity",0,1,"","","24.G"
"ClaimResponse.addItem.detail.subDetail.unitPrice","","","",0,1,"","","","Money {[]} {[]}
","Fee, charge or cost per item","If the item is not a group then this is the fee for the product or service, otherwise this is the total of the fees for the details of the group.","","The amount charged to the patient by the provider for a single unit.","","","","","","","",,,,,"",,,,"ClaimResponse.addItem.detail.subDetail.unitPrice",0,1,"",""
"ClaimResponse.addItem.detail.subDetail.factor","","","",0,1,"","","","decimal {[]} {[]}
","Price scaling factor","A real number that represents a multiplier used in determining the overall value of services delivered and/or goods received. The concept of a Factor allows for a discount or surcharge multiplier to be applied to a monetary amount.","To show a 10% senior's discount, the value entered is: 0.90 (1.00 - 0.10).","When discounts are provided to a patient (example: Senior's discount) then this must be documented for adjudication.","","","","","","","",,,,,"",,,,"ClaimResponse.addItem.detail.subDetail.factor",0,1,"",""
"ClaimResponse.addItem.detail.subDetail.net","","","",0,1,"","","","Money {[]} {[]}
","Total item cost","The quantity times the unit price for an additional service or product or charge.","For example, the formula: quantity * unitPrice * factor  = net. Quantity and factor are assumed to be 1 if not supplied.","Provides the total amount claimed  for the group (if a grouper) or the line item.","","","","","","","",,,,,"",,,,"ClaimResponse.addItem.detail.subDetail.net",0,1,"","","24.F"
"ClaimResponse.addItem.detail.subDetail.noteNumber","","","",0,*,"","","","positiveInt {[]} {[]}
","Applicable note numbers","The numbers associated with notes below which apply to the adjudication of this item.","","Provides a condensed manner for associating human readable descriptive explanations for adjudications on the line item.","","","","","","","",,,,,"",,,,"ClaimResponse.addItem.detail.subDetail.noteNumber",0,*,"",""
"ClaimResponse.addItem.detail.subDetail.adjudication","","","",1,*,"","","","","Added items detail adjudication","The adjudication results.","","","","","","","","","",,,,,"",,,,"ClaimResponse.addItem.detail.subDetail.adjudication",1,*,"",""
"ClaimResponse.adjudication","","","",0,*,"","","","","Header-level adjudication","The adjudication results which are presented at the header level rather than at the line-item or add-item levels.","","Some insurers will receive line-items but provide the adjudication only at a summary or header-level.","","","","","","","",,,,,"",,,,"ClaimResponse.adjudication",0,*,"",""
"ClaimResponse.total","","","",0,*,"","","Y","BackboneElement {[]} {[]}
","Adjudication totals","Categorized monetary totals for the adjudication.","Totals for amounts submitted, co-pays, benefits payable etc.","To provide the requestor with financial totals by category for the adjudication.","","","","","","","",,,,,"",,,,"ClaimResponse.total",0,*,"","ele-1:All FHIR elements must have a @value or children {hasValue() or (children().count() > id.count())}
"
"ClaimResponse.total.id","","","",0,1,"","","","string {[]} {[]}
","Unique id for inter-element referencing","Unique id for the element within a resource (for internal references). This may be any string value that does not contain spaces.","","","","","","","","","",,,,,"",,,,"Element.id",0,1,"","","n/a"
"ClaimResponse.total.extension","","extensions
user content","",0,*,"","","","Extension {[]} {[]}
","Additional content defined by implementations","May be used to represent additional information that is not part of the basic definition of the element. To make the use of extensions safe and manageable, there is a strict set of governance  applied to the definition and use of extensions. Though any implementer can define an extension, there is a set of requirements that SHALL be met as part of the definition of the extension.","There can be no stigma associated with the use of extensions by any application, project, or standard - regardless of the institution or jurisdiction that uses or defines the extensions.  The use of extensions is what allows the FHIR specification to retain a core level of simplicity for everyone.","","","","","","","","",,,,,"",,,,"Element.extension",0,*,"","","n/a"
"ClaimResponse.total.modifierExtension","","extensions
user contentmodifiers","",0,*,"","Y","Y","Extension {[]} {[]}
","Extensions that cannot be ignored even if unrecognized","May be used to represent additional information that is not part of the basic definition of the element and that modifies the understanding of the element in which it is contained and/or the understanding of the containing element's descendants. Usually modifier elements provide negation or qualification. To make the use of extensions safe and manageable, there is a strict set of governance applied to the definition and use of extensions. Though any implementer can define an extension, there is a set of requirements that SHALL be met as part of the definition of the extension. Applications processing a resource are required to check for modifier extensions.

Modifier extensions SHALL NOT change the meaning of any elements on Resource or DomainResource (including cannot change the meaning of modifierExtension itself).","There can be no stigma associated with the use of extensions by any application, project, or standard - regardless of the institution or jurisdiction that uses or defines the extensions.  The use of extensions is what allows the FHIR specification to retain a core level of simplicity for everyone.","Modifier extensions allow for extensions that *cannot* be safely ignored to be clearly distinguished from the vast majority of extensions which can be safely ignored.  This promotes interoperability by eliminating the need for implementers to prohibit the presence of extensions. For further information, see the [definition of modifier extensions](http://hl7.org/fhir/R4/extensibility.html#modifierExtension).","","","","","","","",,,,,"",,,,"BackboneElement.modifierExtension",0,*,"","","N/A"
"ClaimResponse.total.category","","","",1,1,"","","Y","CodeableConcept {[]} {[]}
","Type of adjudication information","A code to indicate the information type of this adjudication record. Information types may include: the value submitted, maximum values or percentages allowed or payable under the plan, amounts that the patient is responsible for in aggregate or pertaining to this item, amounts paid by other coverages, and the benefit payable for this item.","For example codes indicating: Co-Pay, deductible, eligible, benefit, tax, etc.","Needed to convey the type of total provided.","","","","","","","",,"example","The adjudication codes.","http://hl7.org/fhir/ValueSet/adjudication","",,,,"ClaimResponse.total.category",1,1,"",""
"ClaimResponse.total.amount","","","",1,1,"","","Y","Money {[]} {[]}
","Financial total for the category","Monetary total amount associated with the category.","","Needed to convey the total monetary amount.","","","","","","","",,,,,"",,,,"ClaimResponse.total.amount",1,1,"",""
"ClaimResponse.payment","","","",0,1,"","","","BackboneElement {[]} {[]}
","Payment Details","Payment details for the adjudication of the claim.","","Needed to convey references to the financial instrument that has been used if payment has been made.","","","","","","","",,,,,"",,,,"ClaimResponse.payment",0,1,"","ele-1:All FHIR elements must have a @value or children {hasValue() or (children().count() > id.count())}
"
"ClaimResponse.payment.id","","","",0,1,"","","","string {[]} {[]}
","Unique id for inter-element referencing","Unique id for the element within a resource (for internal references). This may be any string value that does not contain spaces.","","","","","","","","","",,,,,"",,,,"Element.id",0,1,"","","n/a"
"ClaimResponse.payment.extension","","extensions
user content","",0,*,"","","","Extension {[]} {[]}
","Additional content defined by implementations","May be used to represent additional information that is not part of the basic definition of the element. To make the use of extensions safe and manageable, there is a strict set of governance  applied to the definition and use of extensions. Though any implementer can define an extension, there is a set of requirements that SHALL be met as part of the definition of the extension.","There can be no stigma associated with the use of extensions by any application, project, or standard - regardless of the institution or jurisdiction that uses or defines the extensions.  The use of extensions is what allows the FHIR specification to retain a core level of simplicity for everyone.","","","","","","","","",,,,,"",,,,"Element.extension",0,*,"","","n/a"
"ClaimResponse.payment.modifierExtension","","extensions
user contentmodifiers","",0,*,"","Y","Y","Extension {[]} {[]}
","Extensions that cannot be ignored even if unrecognized","May be used to represent additional information that is not part of the basic definition of the element and that modifies the understanding of the element in which it is contained and/or the understanding of the containing element's descendants. Usually modifier elements provide negation or qualification. To make the use of extensions safe and manageable, there is a strict set of governance applied to the definition and use of extensions. Though any implementer can define an extension, there is a set of requirements that SHALL be met as part of the definition of the extension. Applications processing a resource are required to check for modifier extensions.

Modifier extensions SHALL NOT change the meaning of any elements on Resource or DomainResource (including cannot change the meaning of modifierExtension itself).","There can be no stigma associated with the use of extensions by any application, project, or standard - regardless of the institution or jurisdiction that uses or defines the extensions.  The use of extensions is what allows the FHIR specification to retain a core level of simplicity for everyone.","Modifier extensions allow for extensions that *cannot* be safely ignored to be clearly distinguished from the vast majority of extensions which can be safely ignored.  This promotes interoperability by eliminating the need for implementers to prohibit the presence of extensions. For further information, see the [definition of modifier extensions](http://hl7.org/fhir/R4/extensibility.html#modifierExtension).","","","","","","","",,,,,"",,,,"BackboneElement.modifierExtension",0,*,"","","N/A"
"ClaimResponse.payment.type","","","",1,1,"","","","CodeableConcept {[]} {[]}
","Partial or complete payment","Whether this represents partial or complete payment of the benefits payable.","","To advise the requestor when the insurer believes all payments to have been completed.","","","","","","","",,"example","The type (partial, complete) of the payment.","http://hl7.org/fhir/ValueSet/ex-paymenttype","",,,,"ClaimResponse.payment.type",1,1,"",""
"ClaimResponse.payment.adjustment","","","",0,1,"","","","Money {[]} {[]}
","Payment adjustment for non-claim issues","Total amount of all adjustments to this payment included in this transaction which are not related to this claim's adjudication.","Insurers will deduct amounts owing from the provider (adjustment), such as a prior overpayment, from the amount owing to the provider (benefits payable) when payment is made to the provider.","To advise the requestor of adjustments applied to the payment.","","","","","","","",,,,,"",,,,"ClaimResponse.payment.adjustment",0,1,"",""
"ClaimResponse.payment.adjustmentReason","","","",0,1,"","","","CodeableConcept {[]} {[]}
","Explanation for the adjustment","Reason for the payment adjustment.","","Needed to clarify the monetary adjustment.","","","","","","","",,"example","Payment Adjustment reason codes.","http://hl7.org/fhir/ValueSet/payment-adjustment-reason","",,,,"ClaimResponse.payment.adjustmentReason",0,1,"",""
"ClaimResponse.payment.date","","","",0,1,"","","","date {[]} {[]}
","Expected date of payment","Estimated date the payment will be issued or the actual issue date of payment.","","To advise the payee when payment can be expected.","","","","","","","",,,,,"",,,,"ClaimResponse.payment.date",0,1,"",""
"ClaimResponse.payment.amount","","","",1,1,"","","","Money {[]} {[]}
","Payable amount after adjustment","Benefits payable less any payment adjustment.","","Needed to provide the actual payment amount.","","","","","","","",,,,,"",,,,"ClaimResponse.payment.amount",1,1,"",""
"ClaimResponse.payment.identifier","","","",0,1,"","","","Identifier {[]} {[]}
","Business identifier for the payment","Issuer's unique identifier for the payment instrument.","For example: EFT number or check number.","Enable the receiver to reconcile when payment received.","","","","","","","",,,,,"",,,,"ClaimResponse.payment.identifier",0,1,"",""
"ClaimResponse.fundsReserve","","","",0,1,"","","","CodeableConcept {[]} {[]}
","Funds reserved status","A code, used only on a response to a preauthorization, to indicate whether the benefits payable have been reserved and for whom.","Fund would be release by a future claim quoting the preAuthRef of this response. Examples of values include: provider, patient, none.","Needed to advise the submitting provider on whether the rquest for reservation of funds has been honored.","","","","","","","",,"example","For whom funds are to be reserved: (Patient, Provider, None).","http://hl7.org/fhir/ValueSet/fundsreserve","",,,,"ClaimResponse.fundsReserve",0,1,"",""
"ClaimResponse.formCode","","","",0,1,"","","","CodeableConcept {[]} {[]}
","Printed form identifier","A code for the form to be used for printing the content.","May be needed to identify specific jurisdictional forms.","Needed to specify the specific form used for producing output for this response.","","","","","","","",,"example","The forms codes.","http://hl7.org/fhir/ValueSet/forms","",,,,"ClaimResponse.formCode",0,1,"",""
"ClaimResponse.form","","","",0,1,"","","","Attachment {[]} {[]}
","Printed reference or actual form","The actual form, by reference or inclusion, for printing the content or an EOB.","Needed to permit insurers to include the actual form.","Needed to include the specific form used for producing output for this response.","","","","","","","",,,,,"",,,,"ClaimResponse.form",0,1,"",""
"ClaimResponse.processNote","","","",0,*,"","","","BackboneElement {[]} {[]}
","Note concerning adjudication","A note that describes or explains adjudication results in a human readable form.","","Provides the insurer specific textual explanations associated with the processing.","","","","","","","",,,,,"",,,,"ClaimResponse.processNote",0,*,"","ele-1:All FHIR elements must have a @value or children {hasValue() or (children().count() > id.count())}
"
"ClaimResponse.processNote.id","","","",0,1,"","","","string {[]} {[]}
","Unique id for inter-element referencing","Unique id for the element within a resource (for internal references). This may be any string value that does not contain spaces.","","","","","","","","","",,,,,"",,,,"Element.id",0,1,"","","n/a"
"ClaimResponse.processNote.extension","","extensions
user content","",0,*,"","","","Extension {[]} {[]}
","Additional content defined by implementations","May be used to represent additional information that is not part of the basic definition of the element. To make the use of extensions safe and manageable, there is a strict set of governance  applied to the definition and use of extensions. Though any implementer can define an extension, there is a set of requirements that SHALL be met as part of the definition of the extension.","There can be no stigma associated with the use of extensions by any application, project, or standard - regardless of the institution or jurisdiction that uses or defines the extensions.  The use of extensions is what allows the FHIR specification to retain a core level of simplicity for everyone.","","","","","","","","",,,,,"",,,,"Element.extension",0,*,"","","n/a"
"ClaimResponse.processNote.modifierExtension","","extensions
user contentmodifiers","",0,*,"","Y","Y","Extension {[]} {[]}
","Extensions that cannot be ignored even if unrecognized","May be used to represent additional information that is not part of the basic definition of the element and that modifies the understanding of the element in which it is contained and/or the understanding of the containing element's descendants. Usually modifier elements provide negation or qualification. To make the use of extensions safe and manageable, there is a strict set of governance applied to the definition and use of extensions. Though any implementer can define an extension, there is a set of requirements that SHALL be met as part of the definition of the extension. Applications processing a resource are required to check for modifier extensions.

Modifier extensions SHALL NOT change the meaning of any elements on Resource or DomainResource (including cannot change the meaning of modifierExtension itself).","There can be no stigma associated with the use of extensions by any application, project, or standard - regardless of the institution or jurisdiction that uses or defines the extensions.  The use of extensions is what allows the FHIR specification to retain a core level of simplicity for everyone.","Modifier extensions allow for extensions that *cannot* be safely ignored to be clearly distinguished from the vast majority of extensions which can be safely ignored.  This promotes interoperability by eliminating the need for implementers to prohibit the presence of extensions. For further information, see the [definition of modifier extensions](http://hl7.org/fhir/R4/extensibility.html#modifierExtension).","","","","","","","",,,,,"",,,,"BackboneElement.modifierExtension",0,*,"","","N/A"
"ClaimResponse.processNote.number","","","",0,1,"","","","positiveInt {[]} {[]}
","Note instance identifier","A number to uniquely identify a note entry.","","Necessary to provide a mechanism to link from adjudications.","","","","","","","",,,,,"",,,,"ClaimResponse.processNote.number",0,1,"",""
"ClaimResponse.processNote.type","","","",0,1,"","","","code {[]} {[]}
","display | print | printoper","The business purpose of the note text.","","To convey the expectation for when the text is used.","","","","","","","",,"required","The presentation types of notes.","http://hl7.org/fhir/ValueSet/note-type|4.0.0","",,,,"ClaimResponse.processNote.type",0,1,"",""
"ClaimResponse.processNote.text","","","",1,1,"","","","string {[]} {[]}
","Note explanatory text","The explanation or description associated with the processing.","","Required to provide human readable explanation.","","","","","","","",,,,,"",,,,"ClaimResponse.processNote.text",1,1,"",""
"ClaimResponse.processNote.language","","","",0,1,"","","","CodeableConcept {[]} {[]}
","Language of the text","A code to define the language used in the text of the note.","Only required if the language is different from the resource language.","Note text may vary from the resource defined language.","","","","","","","",,"preferred","A human language.","http://hl7.org/fhir/ValueSet/languages","",,,,"ClaimResponse.processNote.language",0,1,"",""
"ClaimResponse.communicationRequest","","","",0,*,"","","","Reference {[]} {[CanonicalType[http://hl7.org/fhir/StructureDefinition/CommunicationRequest]]}
","Request for additional information","Request for additional supporting or authorizing information.","For example: professional reports, documents, images, clinical resources, or accident reports.","Need to communicate insurer request for additional information required to support the adjudication.","","","","","","","",,,,,"",,,,"ClaimResponse.communicationRequest",0,*,"",""
"ClaimResponse.insurance","","","",0,*,"","","","BackboneElement {[]} {[]}
","Patient insurance information","Financial instruments for reimbursement for the health care products and services specified on the claim.","All insurance coverages for the patient which may be applicable for reimbursement, of the products and services listed in the claim, are typically provided in the claim to allow insurers to confirm the ordering of the insurance coverages relative to local 'coordination of benefit' rules. One coverage (and only one) with 'focal=true' is to be used in the adjudication of this claim. Coverages appearing before the focal Coverage in the list, and where 'subrogation=false', should provide a reference to the ClaimResponse containing the adjudication results of the prior claim.","At least one insurer is required for a claim to be a claim.","","","","","","","",,,,,"",,,,"ClaimResponse.insurance",0,*,"","ele-1:All FHIR elements must have a @value or children {hasValue() or (children().count() > id.count())}
","Coverage"
"ClaimResponse.insurance.id","","","",0,1,"","","","string {[]} {[]}
","Unique id for inter-element referencing","Unique id for the element within a resource (for internal references). This may be any string value that does not contain spaces.","","","","","","","","","",,,,,"",,,,"Element.id",0,1,"","","n/a"
"ClaimResponse.insurance.extension","","extensions
user content","",0,*,"","","","Extension {[]} {[]}
","Additional content defined by implementations","May be used to represent additional information that is not part of the basic definition of the element. To make the use of extensions safe and manageable, there is a strict set of governance  applied to the definition and use of extensions. Though any implementer can define an extension, there is a set of requirements that SHALL be met as part of the definition of the extension.","There can be no stigma associated with the use of extensions by any application, project, or standard - regardless of the institution or jurisdiction that uses or defines the extensions.  The use of extensions is what allows the FHIR specification to retain a core level of simplicity for everyone.","","","","","","","","",,,,,"",,,,"Element.extension",0,*,"","","n/a"
"ClaimResponse.insurance.modifierExtension","","extensions
user contentmodifiers","",0,*,"","Y","Y","Extension {[]} {[]}
","Extensions that cannot be ignored even if unrecognized","May be used to represent additional information that is not part of the basic definition of the element and that modifies the understanding of the element in which it is contained and/or the understanding of the containing element's descendants. Usually modifier elements provide negation or qualification. To make the use of extensions safe and manageable, there is a strict set of governance applied to the definition and use of extensions. Though any implementer can define an extension, there is a set of requirements that SHALL be met as part of the definition of the extension. Applications processing a resource are required to check for modifier extensions.

Modifier extensions SHALL NOT change the meaning of any elements on Resource or DomainResource (including cannot change the meaning of modifierExtension itself).","There can be no stigma associated with the use of extensions by any application, project, or standard - regardless of the institution or jurisdiction that uses or defines the extensions.  The use of extensions is what allows the FHIR specification to retain a core level of simplicity for everyone.","Modifier extensions allow for extensions that *cannot* be safely ignored to be clearly distinguished from the vast majority of extensions which can be safely ignored.  This promotes interoperability by eliminating the need for implementers to prohibit the presence of extensions. For further information, see the [definition of modifier extensions](http://hl7.org/fhir/R4/extensibility.html#modifierExtension).","","","","","","","",,,,,"",,,,"BackboneElement.modifierExtension",0,*,"","","N/A"
"ClaimResponse.insurance.sequence","","","",1,1,"","","","positiveInt {[]} {[]}
","Insurance instance identifier","A number to uniquely identify insurance entries and provide a sequence of coverages to convey coordination of benefit order.","","To maintain order of the coverages.","","","","","","","",,,,,"",,,,"ClaimResponse.insurance.sequence",1,1,"",""
"ClaimResponse.insurance.focal","","","",1,1,"","","","boolean {[]} {[]}
","Coverage to be used for adjudication","A flag to indicate that this Coverage is to be used for adjudication of this claim when set to true.","A patient may (will) have multiple insurance policies which provide reimbursement for healthcare services and products. For example a person may also be covered by their spouse's policy and both appear in the list (and may be from the same insurer). This flag will be set to true for only one of the listed policies and that policy will be used for adjudicating this claim. Other claims would be created to request adjudication against the other listed policies.","To identify which coverage in the list is being used to adjudicate this claim.","","","","","","","",,,,,"",,,,"ClaimResponse.insurance.focal",1,1,"",""
"ClaimResponse.insurance.coverage","","","",1,1,"","","","Reference {[]} {[CanonicalType[http://hl7.org/fhir/StructureDefinition/Coverage]]}
","Insurance information","Reference to the insurance card level information contained in the Coverage resource. The coverage issuing insurer will use these details to locate the patient's actual coverage within the insurer's information system.","","Required to allow the adjudicator to locate the correct policy and history within their information system.","","","","","","","",,,,,"",,,,"ClaimResponse.insurance.coverage",1,1,"",""
"ClaimResponse.insurance.businessArrangement","","","",0,1,"","","","string {[]} {[]}
","Additional provider contract number","A business agreement number established between the provider and the insurer for special business processing purposes.","","Providers may have multiple business arrangements with a given insurer and must supply the specific contract number for adjudication.","","","","","","","",,,,,"",,,,"ClaimResponse.insurance.businessArrangement",0,1,"",""
"ClaimResponse.insurance.claimResponse","","","",0,1,"","","","Reference {[]} {[CanonicalType[http://hl7.org/fhir/StructureDefinition/ClaimResponse]]}
","Adjudication results","The result of the adjudication of the line items for the Coverage specified in this insurance.","Must not be specified when 'focal=true' for this insurance.","An insurer need the adjudication results from prior insurers to determine the outstanding balance remaining by item for the items in the curent claim.","","","","","","","",,,,,"",,,,"ClaimResponse.insurance.claimResponse",0,1,"",""
"ClaimResponse.error","","","",0,*,"","","","BackboneElement {[]} {[]}
","Processing errors","Errors encountered during the processing of the adjudication.","If the request contains errors then an error element should be provided and no adjudication related sections (item, addItem, or payment) should be present.","Need to communicate processing issues to the requestor.","","","","","","","",,,,,"",,,,"ClaimResponse.error",0,*,"","ele-1:All FHIR elements must have a @value or children {hasValue() or (children().count() > id.count())}
"
"ClaimResponse.error.id","","","",0,1,"","","","string {[]} {[]}
","Unique id for inter-element referencing","Unique id for the element within a resource (for internal references). This may be any string value that does not contain spaces.","","","","","","","","","",,,,,"",,,,"Element.id",0,1,"","","n/a"
"ClaimResponse.error.extension","","extensions
user content","",0,*,"","","","Extension {[]} {[]}
","Additional content defined by implementations","May be used to represent additional information that is not part of the basic definition of the element. To make the use of extensions safe and manageable, there is a strict set of governance  applied to the definition and use of extensions. Though any implementer can define an extension, there is a set of requirements that SHALL be met as part of the definition of the extension.","There can be no stigma associated with the use of extensions by any application, project, or standard - regardless of the institution or jurisdiction that uses or defines the extensions.  The use of extensions is what allows the FHIR specification to retain a core level of simplicity for everyone.","","","","","","","","",,,,,"",,,,"Element.extension",0,*,"","","n/a"
"ClaimResponse.error.modifierExtension","","extensions
user contentmodifiers","",0,*,"","Y","Y","Extension {[]} {[]}
","Extensions that cannot be ignored even if unrecognized","May be used to represent additional information that is not part of the basic definition of the element and that modifies the understanding of the element in which it is contained and/or the understanding of the containing element's descendants. Usually modifier elements provide negation or qualification. To make the use of extensions safe and manageable, there is a strict set of governance applied to the definition and use of extensions. Though any implementer can define an extension, there is a set of requirements that SHALL be met as part of the definition of the extension. Applications processing a resource are required to check for modifier extensions.

Modifier extensions SHALL NOT change the meaning of any elements on Resource or DomainResource (including cannot change the meaning of modifierExtension itself).","There can be no stigma associated with the use of extensions by any application, project, or standard - regardless of the institution or jurisdiction that uses or defines the extensions.  The use of extensions is what allows the FHIR specification to retain a core level of simplicity for everyone.","Modifier extensions allow for extensions that *cannot* be safely ignored to be clearly distinguished from the vast majority of extensions which can be safely ignored.  This promotes interoperability by eliminating the need for implementers to prohibit the presence of extensions. For further information, see the [definition of modifier extensions](http://hl7.org/fhir/R4/extensibility.html#modifierExtension).","","","","","","","",,,,,"",,,,"BackboneElement.modifierExtension",0,*,"","","N/A"
"ClaimResponse.error.itemSequence","","","",0,1,"","","","positiveInt {[]} {[]}
","Item sequence number","The sequence number of the line item submitted which contains the error. This value is omitted when the error occurs outside of the item structure.","","Provides references to the claim items.","","","","","","","",,,,,"",,,,"ClaimResponse.error.itemSequence",0,1,"",""
"ClaimResponse.error.detailSequence","","","",0,1,"","","","positiveInt {[]} {[]}
","Detail sequence number","The sequence number of the detail within the line item submitted which contains the error. This value is omitted when the error occurs outside of the item structure.","","Provides references to the claim details within the claim item.","","","","","","","",,,,,"",,,,"ClaimResponse.error.detailSequence",0,1,"",""
"ClaimResponse.error.subDetailSequence","","","",0,1,"","","","positiveInt {[]} {[]}
","Subdetail sequence number","The sequence number of the sub-detail within the detail within the line item submitted which contains the error. This value is omitted when the error occurs outside of the item structure.","","Provides references to the claim sub-details within the claim detail.","","","","","","","",,,,,"",,,,"ClaimResponse.error.subDetailSequence",0,1,"",""
"ClaimResponse.error.code","","","",1,1,"","","","CodeableConcept {[]} {[]}
","Error code detailing processing issues","An error code, from a specified code system, which details why the claim could not be adjudicated.","","Required to convey processing errors.","","","","","","","",,"example","The adjudication error codes.","http://hl7.org/fhir/ValueSet/adjudication-error","",,,,"ClaimResponse.error.code",1,1,"",""
