{"resourceType":"ImplementationGuide","id":"hl7.fhir.us.carin-rtpbc","meta":{"versionId":"129","lastUpdated":"2019-10-25T13:53:39.000-05:00"},"text":{"status":"additional","div":"<div xmlns=\"http://www.w3.org/1999/xhtml\">This is a guide for implementing consumer-focused real-time pharmacy benefit checking (consumer RTPBC) using FHIR R4. With consumer RTPBC, a patient can learn how their medications will be covered at the pharmacy, including out of pocket costs, prior authorization requirements and any limits that might apply.\n        </div>"},"url":"http://hl7.org/fhir/us/carin-bb/ImplementationGuide/hl7.fhir.us.carin-rtpbc","version":"0.1.00-DRAFT","name":"CARINRTPBC","title":"CARIN Consumer Realtime Pharmacy Benefit Check","status":"draft","date":"2019-10-28T11:31:35-05:00","publisher":"CARIN Alliance","description":"*(To the [narrative table of contents...](../CARIN-RTPBC/toc.html))*\n\n<br>\n\nThis is a guide for implementing the **consumer-focused real-time pharmacy benefit check** (consumer RTPBC) using FHIR R4.\nWith consumer RTPBC, a patient can learn how their medications will be covered at the pharmacy, including out of pocket costs, prior authorization requirements and any limits that might apply.\n\n<br>\n\nThe process looks like this...\n  \n<div><img src=\"https://www.frankmckinney.com/carin-rtpbc/basic-info-flow.png\" alt=\"basic information flow\"></div><br>\n\n***The stakeholders...***\n* the **patient,** who wishes to understand how their medication is covered by their insurance: their out of pocket cost, restrictions, and pharmacy options\n* the **consumer app** that submits the RTPBC request to the payer, and interprets the response for the patient\n* the patient's **insurer or agent** that processes the RTPBC request and returns a response containing pricing, coverage restrictions, pharmacy options for the requested drug and alternative medications (typically the pharmacy benefit manager that handles the patient's prescription benefit) \n* *(optionally, the patient app may retrieve related information such as cash or discount pricing from other entities. Those parties and exchanges are out of scope of this guide)*\n\n***In the request...***\n*     the patient's app gathers information about the prescription... entered by the patient or imported from another source\n*     the patient provides coverage information from their insurance card, or the app retrieves it using an eligibility service (outside the scope of this guide)\n*     the app packages up the patient, coverage, prescription and preferred pharmacy information in FHIR resources and submits them to the patient's insurer\n\n***The response and its use...***\n*     the insurer determines the patient cost and coverage details for the requested pharmacy and potentially for other pharmacy options--such as a mail service pharmacy\n*     the insurer also checks for preferred alternative medications with better coverage under the patient's plan, and returns cost, coverage and pharmacy options for those as well\n*     the patient's app interprets and presents the information in an understandable way, possibly alongside cash or discount pricing gathered from other sources (outside this guide's scope)\n*     ***with the information from the insurer's response,*** the patient can learn whether the drug is covered, compare insurance out of pocket costs between pharmacies--and can also compare to cash prices and discount options gathered by their app.\n\n<br>\n\n### Scope of this guide\nConsumer RTPBC is intended to be used...\n* in the United States (as it reflects unique US pharmacy insurance roles and conventions)\n* for medications that are covered under the *pharmacy benefit* portion of the patient's health insurance, which typically excludes medications administered during hospital care or as part of medical procedures\n* for commercially available medication products that are not compounded at the pharmacy. *(Support for compounds could potentially be added later)*\n\n<br>\n\nThis initial release of the consumer RTPBC profile seeks to include the coverage and cost information that's the most useful and meaningful to patients. As a result, certain details that are part of the *provider-focused RTPBC standard* are not included here. Additional content could potentially be added in a later effort.\n\n<br>\n\n*Related information flows outside of consumer RTPBC*\nThe patient's app might gather related information before or after submitting the consumer RTPBC request. *These exchanges are outside the scope of this guide.*\n\n<br>\n\n### Author\nThis implementation guide is the result of work sponsored by the CARIN Alliance, whose goal is to advance the ability for consumers and their authorized caregivers to easily get, use, and share their digital health information when, where, and how they want to achieve their goals.\n\n<br> \n\nThe guide is currently in development and incomplete. \n\n<br>\n\nComments and suggestions are welcome...\n\n* on our Zulip stream...\nhttps://chat.fhir.org/#narrow/stream/208660-CARIN-Benefit.20Check.20IG\n\n* or send a note to fm@frankmckinney.com\n\n\n<br>","packageId":"hl7.fhir.us.carin-rtpbc","license":"CC0-1.0","fhirVersion":["4.0.0"],"definition":{"resource":[{"extension":[{"url":"http://hl7.org/fhir/StructureDefinition/implementationguide-page","valueUri":"StructureDefinition-carin-rtpbc-claim.html"}],"reference":{"reference":"StructureDefinition/carin-rtpbc-claim","display":"CARINRTPBCClaim"},"name":"CARINRTPBCClaim","description":"RTPBC Request using Claim","exampleBoolean":false},{"extension":[{"url":"http://hl7.org/fhir/StructureDefinition/implementationguide-page","valueUri":"StructureDefinition-carin-rtpbc-ClaimResponse.html"}],"reference":{"reference":"StructureDefinition/carin-rtpbc-ClaimResponse","display":"CARINRTPBCClaimResponse"},"name":"CARINRTPBCClaimResponse","description":"RTPBC Response using ClaimResponse","exampleBoolean":false},{"extension":[{"url":"http://hl7.org/fhir/StructureDefinition/implementationguide-page","valueUri":"StructureDefinition-carin-rtpbc-MedicationRequest.html"}],"reference":{"reference":"StructureDefinition/carin-rtpbc-MedicationRequest","display":"CARINRTPBCMedicationRequest"},"name":"CARINRTPBCMedicationRequest","description":"RTPBC MedicationRequest","exampleBoolean":false},{"extension":[{"url":"http://hl7.org/fhir/StructureDefinition/implementationguide-page","valueUri":"StructureDefinition-carin-rtpbc-Practitioner.html"}],"reference":{"reference":"StructureDefinition/carin-rtpbc-Practitioner","display":"CARINRTPBCPractitioner"},"name":"CARINRTPBCPractitioner","description":"RTPBC Practitioner","exampleBoolean":false},{"extension":[{"url":"http://hl7.org/fhir/StructureDefinition/implementationguide-page","valueUri":"StructureDefinition-carin-rtpbc-Patient.html"}],"reference":{"reference":"StructureDefinition/carin-rtpbc-Patient","display":"CARINRTPBCPatient"},"name":"CARINRTPBCPatient","description":"RTPBC Patient","exampleBoolean":false},{"extension":[{"url":"http://hl7.org/fhir/StructureDefinition/implementationguide-page","valueUri":"StructureDefinition-carin-rtpbc-OperationOutcome.html"}],"reference":{"reference":"StructureDefinition/carin-rtpbc-OperationOutcome","display":"CARINRTPBCOperationOutcome"},"name":"CARINRTPBCOperationOutcome","description":"RTPBC OperationOutcome","exampleBoolean":false},{"extension":[{"url":"http://hl7.org/fhir/StructureDefinition/implementationguide-page","valueUri":"StructureDefinition-carin-rtpbc-Coverage.html"}],"reference":{"reference":"StructureDefinition/carin-rtpbc-Coverage","display":"CARINRTPBCCoverage"},"name":"CARINRTPBCCoverage","description":"RTPBC Coverage","exampleBoolean":false},{"extension":[{"url":"http://hl7.org/fhir/StructureDefinition/implementationguide-page","valueUri":"StructureDefinition-carin-rtpbc-pharmacy-Organization.html"}],"reference":{"reference":"StructureDefinition/carin-rtpbc-pharmacy-Organization","display":"CARINRTPBCPharmacyOrganization"},"name":"CARINRTPBCPharmacyOrganization","description":"RTPBC Pharmacy Organization","exampleBoolean":false},{"extension":[{"url":"http://hl7.org/fhir/StructureDefinition/implementationguide-page","valueUri":"StructureDefinition-carin-rtpbc-payer-Organization.html"}],"reference":{"reference":"StructureDefinition/carin-rtpbc-payer-Organization","display":"CARINRTPBCPayerOrganization"},"name":"CARINRTPBCPayerOrganization","description":"RTPBC Payer Organization","exampleBoolean":false}],"page":{"nameUrl":"toc.md","title":"Narrative table of contents","generation":"generated","page":[{"nameUrl":"CARIN_Initiative_and_Consumer_RTPBC.html","title":"CARIN Initiative and Consumer RTPBC","generation":"markdown"},{"nameUrl":"FHIR_implementation_approach.html","title":"FHIR implementation approach","generation":"markdown"},{"nameUrl":"Use_Case_and_Scenarios.html","title":"Use Case and Scenarios","generation":"markdown"},{"nameUrl":"High-level_content_structure.html","title":"High-level content structure","generation":"markdown"},{"nameUrl":"High-level_FHIR_resource_mapping.html","title":"High-level FHIR resource mapping","generation":"markdown"},{"nameUrl":"Processing_overview.html","title":"Processing overview","generation":"markdown"},{"nameUrl":"Terminology_overview.html","title":"Terminology overview","generation":"markdown"},{"nameUrl":"Examples.html","title":"Examples","generation":"markdown"},{"nameUrl":"Feedback.html","title":"Feedback","generation":"markdown"}]}}}